<Workspace>
  <archivedComponents>
    <Component>
      <className>org.simbrain.world.odorworld.OdorWorldComponent</className>
      <name>abridging and scrambling motion.xml</name>
      <uri>components/0_abridging_and_scrambling_motion.xml.xml</uri>
      <id>0</id>
      <format>xml</format>
      <desktopComponent>
        <className>org.simbrain.world.odorworld.OdorWorldDesktopComponent</className>
        <uri>guis/0_abridging_and_scrambling_motion.xml.xml</uri>
        <format>xml</format>
      </desktopComponent>
    </Component>
    <Component>
      <className>org.simbrain.network.NetworkComponent</className>
      <name>abridging and scrambling receptors.xml</name>
      <uri>components/1_abridging_and_scrambling_receptors.xml.xml</uri>
      <id>1</id>
      <format>xml</format>
      <desktopComponent>
        <className>org.simbrain.network.desktop.NetworkDesktopComponent</className>
        <uri>guis/1_abridging_and_scrambling_receptors.xml.xml</uri>
        <format>xml</format>
      </desktopComponent>
    </Component>
  </archivedComponents>
  <archivedCouplings>
    <Coupling>
      <archivedProducer>
        <parentComponentRef>components/0_abridging_and_scrambling_motion.xml.xml</parentComponentRef>
        <baseObjectKey>Agent_4:sensor:Sensor_4</baseObjectKey>
        <methodBaseName>getValue</methodBaseName>
        <dataType>double</dataType>
        <description>Agent_4:Tile (0,0):101x348</description>
      </archivedProducer>
      <archivedConsumer>
        <parentComponentRef>components/1_abridging_and_scrambling_receptors.xml.xml</parentComponentRef>
        <baseObjectKey>Neuron_171</baseObjectKey>
        <methodBaseName>setInputValue</methodBaseName>
        <dataType>double</dataType>
        <argumentDataTypes>
          <java-class>double</java-class>
        </argumentDataTypes>
        <description>Neuron_171:setInputValue</description>
      </archivedConsumer>
    </Coupling>
    <Coupling>
      <archivedProducer>
        <parentComponentRef>components/0_abridging_and_scrambling_motion.xml.xml</parentComponentRef>
        <baseObjectKey>Agent_4:sensor:Sensor_5</baseObjectKey>
        <methodBaseName>getValue</methodBaseName>
        <dataType>double</dataType>
        <description>Agent_4:Tile (101,0):101x348</description>
      </archivedProducer>
      <archivedConsumer>
        <parentComponentRef>components/1_abridging_and_scrambling_receptors.xml.xml</parentComponentRef>
        <baseObjectKey>Neuron_172</baseObjectKey>
        <methodBaseName>setInputValue</methodBaseName>
        <dataType>double</dataType>
        <argumentDataTypes>
          <java-class>double</java-class>
        </argumentDataTypes>
        <description>Neuron_172:setInputValue</description>
      </archivedConsumer>
    </Coupling>
    <Coupling>
      <archivedProducer>
        <parentComponentRef>components/0_abridging_and_scrambling_motion.xml.xml</parentComponentRef>
        <baseObjectKey>Agent_4:sensor:Sensor_8</baseObjectKey>
        <methodBaseName>getValue</methodBaseName>
        <dataType>double</dataType>
        <description>Agent_4:Tile (404,0):101x348</description>
      </archivedProducer>
      <archivedConsumer>
        <parentComponentRef>components/1_abridging_and_scrambling_receptors.xml.xml</parentComponentRef>
        <baseObjectKey>Neuron_175</baseObjectKey>
        <methodBaseName>setInputValue</methodBaseName>
        <dataType>double</dataType>
        <argumentDataTypes>
          <java-class>double</java-class>
        </argumentDataTypes>
        <description>Neuron_175:setInputValue</description>
      </archivedConsumer>
    </Coupling>
    <Coupling>
      <archivedProducer>
        <parentComponentRef>components/0_abridging_and_scrambling_motion.xml.xml</parentComponentRef>
        <baseObjectKey>Agent_4:sensor:Sensor_9</baseObjectKey>
        <methodBaseName>getValue</methodBaseName>
        <dataType>double</dataType>
        <description>Agent_4:Tile (505,0):101x348</description>
      </archivedProducer>
      <archivedConsumer>
        <parentComponentRef>components/1_abridging_and_scrambling_receptors.xml.xml</parentComponentRef>
        <baseObjectKey>Neuron_176</baseObjectKey>
        <methodBaseName>setInputValue</methodBaseName>
        <dataType>double</dataType>
        <argumentDataTypes>
          <java-class>double</java-class>
        </argumentDataTypes>
        <description>Neuron_176:setInputValue</description>
      </archivedConsumer>
    </Coupling>
  </archivedCouplings>
  <archivedActions>
    <UpdateAction>
      <updateAction class="org.simbrain.workspace.updater.UpdateAllBuffered"/>
    </UpdateAction>
  </archivedActions>
  <workspaceParameters>
    <savedTime>359213</savedTime>
    <updateDelay>0</updateDelay>
  </workspaceParameters>
</Workspace>