<org.simbrain.world.odorworld.OdorWorld>
  <entityList>
    <org.simbrain.world.odorworld.entities.BasicEntity>
      <animation>
        <imageNames>
          <string>static/Swiss.gif</string>
        </imageNames>
        <animTime>0</animTime>
        <totalDuration>3</totalDuration>
        <frameDuration>1</frameDuration>
      </animation>
      <name>Entity_4</name>
      <id>Entity_4</id>
      <x>368.0</x>
      <y>164.0</y>
      <dx>0.0</dx>
      <dy>0.0</dy>
      <parentWorld reference="../../.."/>
      <sensors/>
      <effectors/>
      <behavior class="org.simbrain.world.odorworld.behaviors.StationaryBehavior"/>
      <smellSource>
        <stimulusVector>
          <double>1.0</double>
          <double>1.0</double>
          <double>1.0</double>
          <double>1.0</double>
          <double>1.0</double>
        </stimulusVector>
        <returnVector reference="../stimulusVector"/>
        <location>
          <double>304.0</double>
          <double>87.0</double>
        </location>
        <decayFunction>GAUSSIAN</decayFunction>
        <stimulusDispersion>50.0</stimulusDispersion>
        <peak>10.0</peak>
        <addNoise>false</addNoise>
        <initNoise>0.3</initNoise>
        <noiseLevel>0.3</noiseLevel>
      </smellSource>
      <collision>false</collision>
      <sensorsEnabled>true</sensorsEnabled>
      <effectorsEnabled>true</effectorsEnabled>
      <showSensors>true</showSensors>
      <sensorIDGenerator>
        <rootName>Sensor</rootName>
        <index>1</index>
      </sensorIDGenerator>
      <effectorIDGenerator>
        <rootName>Effector</rootName>
        <index>1</index>
      </effectorIDGenerator>
      <currentlyHeardPhrases/>
    </org.simbrain.world.odorworld.entities.BasicEntity>
    <org.simbrain.world.odorworld.entities.RotatingEntity>
      <animation>
        <imageNames>
          <string>rotating/mouse/Mouse_0.gif</string>
        </imageNames>
        <animTime>1</animTime>
        <totalDuration>2</totalDuration>
        <frameDuration>1</frameDuration>
      </animation>
      <name>Agent_2</name>
      <id>Entity_8</id>
      <x>235.0</x>
      <y>154.0</y>
      <dx>0.0</dx>
      <dy>0.0</dy>
      <parentWorld reference="../../.."/>
      <sensors>
        <org.simbrain.world.odorworld.sensors.SmellSensor>
          <parent class="org.simbrain.world.odorworld.entities.RotatingEntity" reference="../../.."/>
          <id>Sensor_2</id>
          <label>Smell-Center</label>
          <theta>0.0</theta>
          <radius>50.0</radius>
          <currentValue>
            <double>0.973730332372308</double>
            <double>0.973730332372308</double>
            <double>0.973730332372308</double>
            <double>0.973730332372308</double>
            <double>0.973730332372308</double>
          </currentValue>
        </org.simbrain.world.odorworld.sensors.SmellSensor>
      </sensors>
      <effectors>
        <org.simbrain.world.odorworld.effectors.StraightMovement>
          <parent class="org.simbrain.world.odorworld.entities.RotatingEntity" reference="../../.."/>
          <id>Effector_1</id>
          <label>Go-straight</label>
          <amount>0.0</amount>
          <scalingFactor>5.0</scalingFactor>
        </org.simbrain.world.odorworld.effectors.StraightMovement>
        <org.simbrain.world.odorworld.effectors.Turning>
          <parent class="org.simbrain.world.odorworld.entities.RotatingEntity" reference="../../.."/>
          <id>Effector_2</id>
          <label>Go-left</label>
          <direction>1.0</direction>
          <amount>0.0</amount>
        </org.simbrain.world.odorworld.effectors.Turning>
        <org.simbrain.world.odorworld.effectors.Turning>
          <parent class="org.simbrain.world.odorworld.entities.RotatingEntity" reference="../../.."/>
          <id>Effector_3</id>
          <label>Go-right</label>
          <direction>-1.0</direction>
          <amount>0.0</amount>
        </org.simbrain.world.odorworld.effectors.Turning>
      </effectors>
      <behavior class="org.simbrain.world.odorworld.behaviors.StationaryBehavior"/>
      <collision>false</collision>
      <sensorsEnabled>true</sensorsEnabled>
      <effectorsEnabled>true</effectorsEnabled>
      <showSensors>true</showSensors>
      <sensorIDGenerator>
        <rootName>Sensor</rootName>
        <index>4</index>
      </sensorIDGenerator>
      <effectorIDGenerator>
        <rootName>Effector</rootName>
        <index>4</index>
      </effectorIDGenerator>
      <currentlyHeardPhrases/>
      <heading>0.0</heading>
      <manualMotionTurnIncrement>4.0</manualMotionTurnIncrement>
      <manualStraightMovementIncrement>4.0</manualStraightMovementIncrement>
      <entityType>Mouse</entityType>
    </org.simbrain.world.odorworld.entities.RotatingEntity>
  </entityList>
  <totalSmellVectorLength>2.23606797749979</totalSmellVectorLength>
  <wrapAround>true</wrapAround>
  <objectsBlockMovement>true</objectsBlockMovement>
  <height>383</height>
  <width>417</width>
  <entityIDGenerator>
    <rootName>Entity</rootName>
    <index>9</index>
  </entityIDGenerator>
  <agentNameGenerator>
    <rootName>Agent</rootName>
    <index>3</index>
  </agentNameGenerator>
</org.simbrain.world.odorworld.OdorWorld>