<org.simbrain.plot.barchart.BarChartModel>
  <dataset serialization="custom">
    <org.jfree.data.general.AbstractDataset>
      <default>
        <group>
          <id>NOID</id>
        </group>
      </default>
    </org.jfree.data.general.AbstractDataset>
    <org.jfree.data.category.DefaultCategoryDataset>
      <default>
        <data>
          <rowKeys>
            <int>1</int>
          </rowKeys>
          <columnKeys>
            <int>1</int>
            <int>0</int>
          </columnKeys>
          <rows>
            <org.jfree.data.DefaultKeyedValues>
              <keys>
                <int>1</int>
                <int>0</int>
              </keys>
              <values>
                <double>0.0</double>
                <double>0.973730332372308</double>
              </values>
              <indexMap>
                <entry>
                  <int>0</int>
                  <int>1</int>
                </entry>
                <entry>
                  <int>1</int>
                  <int>0</int>
                </entry>
              </indexMap>
            </org.jfree.data.DefaultKeyedValues>
          </rows>
          <sortRowKeys>false</sortRowKeys>
        </data>
      </default>
    </org.jfree.data.category.DefaultCategoryDataset>
  </dataset>
  <barColor>
    <red>255</red>
    <green>0</green>
    <blue>0</blue>
    <alpha>255</alpha>
  </barColor>
  <autoRange>true</autoRange>
  <upperBound>10.0</upperBound>
  <lowerBound>0.0</lowerBound>
</org.simbrain.plot.barchart.BarChartModel>