<org.simbrain.world.odorworld.OdorWorld>
  <entityList>
    <org.simbrain.world.odorworld.entities.RotatingEntity>
      <animation>
        <imageNames>
          <string>rotating/mouse/Mouse_0.gif</string>
        </imageNames>
        <animTime>0</animTime>
        <totalDuration>2</totalDuration>
        <frameDuration>1</frameDuration>
      </animation>
      <name>Agent_3</name>
      <id>Entity_16</id>
      <x>253.0</x>
      <y>285.0</y>
      <dx>0.0</dx>
      <dy>0.0</dy>
      <parentWorld reference="../../.."/>
      <sensors>
        <org.simbrain.world.odorworld.sensors.SmellSensor>
          <parent class="org.simbrain.world.odorworld.entities.RotatingEntity" reference="../../.."/>
          <id>Sensor_2</id>
          <label>Smell-Center</label>
          <theta>0.0</theta>
          <radius>0.0</radius>
          <currentValue>
            <double>0.0</double>
            <double>0.0</double>
            <double>0.0</double>
            <double>0.0</double>
            <double>0.0</double>
            <double>0.0</double>
            <double>0.0</double>
          </currentValue>
        </org.simbrain.world.odorworld.sensors.SmellSensor>
        <org.simbrain.world.odorworld.sensors.TileSensor>
          <parent class="org.simbrain.world.odorworld.entities.RotatingEntity" reference="../../.."/>
          <id>Sensor_4</id>
          <label>Tile (0,0):101x348</label>
          <value>0.0</value>
          <activationAmount>1.0</activationAmount>
          <x>2</x>
          <y>267</y>
          <width>101</width>
          <height>80</height>
        </org.simbrain.world.odorworld.sensors.TileSensor>
        <org.simbrain.world.odorworld.sensors.TileSensor>
          <parent class="org.simbrain.world.odorworld.entities.RotatingEntity" reference="../../.."/>
          <id>Sensor_5</id>
          <label>Tile (101,0):101x348</label>
          <value>0.0</value>
          <activationAmount>1.0</activationAmount>
          <x>103</x>
          <y>267</y>
          <width>101</width>
          <height>80</height>
        </org.simbrain.world.odorworld.sensors.TileSensor>
        <org.simbrain.world.odorworld.sensors.TileSensor>
          <parent class="org.simbrain.world.odorworld.entities.RotatingEntity" reference="../../.."/>
          <id>Sensor_6</id>
          <label>Tile (202,0):101x348</label>
          <value>0.0</value>
          <activationAmount>1.0</activationAmount>
          <x>204</x>
          <y>267</y>
          <width>101</width>
          <height>80</height>
        </org.simbrain.world.odorworld.sensors.TileSensor>
        <org.simbrain.world.odorworld.sensors.TileSensor>
          <parent class="org.simbrain.world.odorworld.entities.RotatingEntity" reference="../../.."/>
          <id>Sensor_7</id>
          <label>Tile (303,0):101x348</label>
          <value>0.0</value>
          <activationAmount>1.0</activationAmount>
          <x>305</x>
          <y>267</y>
          <width>101</width>
          <height>80</height>
        </org.simbrain.world.odorworld.sensors.TileSensor>
        <org.simbrain.world.odorworld.sensors.TileSensor>
          <parent class="org.simbrain.world.odorworld.entities.RotatingEntity" reference="../../.."/>
          <id>Sensor_8</id>
          <label>Tile (404,0):101x348</label>
          <value>0.0</value>
          <activationAmount>1.0</activationAmount>
          <x>406</x>
          <y>267</y>
          <width>101</width>
          <height>80</height>
        </org.simbrain.world.odorworld.sensors.TileSensor>
        <org.simbrain.world.odorworld.sensors.TileSensor>
          <parent class="org.simbrain.world.odorworld.entities.RotatingEntity" reference="../../.."/>
          <id>Sensor_9</id>
          <label>Tile (505,0):101x348</label>
          <value>0.0</value>
          <activationAmount>1.0</activationAmount>
          <x>507</x>
          <y>267</y>
          <width>101</width>
          <height>80</height>
        </org.simbrain.world.odorworld.sensors.TileSensor>
      </sensors>
      <effectors>
        <org.simbrain.world.odorworld.effectors.StraightMovement>
          <parent class="org.simbrain.world.odorworld.entities.RotatingEntity" reference="../../.."/>
          <id>Effector_1</id>
          <label>Go-straight</label>
          <amount>0.0</amount>
          <scalingFactor>1.0</scalingFactor>
        </org.simbrain.world.odorworld.effectors.StraightMovement>
        <org.simbrain.world.odorworld.effectors.Turning>
          <parent class="org.simbrain.world.odorworld.entities.RotatingEntity" reference="../../.."/>
          <id>Effector_2</id>
          <label>Go-left</label>
          <direction>1.0</direction>
          <amount>0.0</amount>
        </org.simbrain.world.odorworld.effectors.Turning>
        <org.simbrain.world.odorworld.effectors.Turning>
          <parent class="org.simbrain.world.odorworld.entities.RotatingEntity" reference="../../.."/>
          <id>Effector_3</id>
          <label>Go-right</label>
          <direction>-1.0</direction>
          <amount>0.0</amount>
        </org.simbrain.world.odorworld.effectors.Turning>
      </effectors>
      <behavior class="org.simbrain.world.odorworld.behaviors.StationaryBehavior"/>
      <collision>false</collision>
      <sensorsEnabled>true</sensorsEnabled>
      <effectorsEnabled>true</effectorsEnabled>
      <showSensors>true</showSensors>
      <sensorIDGenerator>
        <rootName>Sensor</rootName>
        <index>10</index>
      </sensorIDGenerator>
      <effectorIDGenerator>
        <rootName>Effector</rootName>
        <index>4</index>
      </effectorIDGenerator>
      <currentlyHeardPhrases/>
      <heading>0.0</heading>
      <manualMotionTurnIncrement>4.0</manualMotionTurnIncrement>
      <manualStraightMovementIncrement>4.0</manualStraightMovementIncrement>
      <entityType>Mouse</entityType>
    </org.simbrain.world.odorworld.entities.RotatingEntity>
    <org.simbrain.world.odorworld.entities.RotatingEntity>
      <animation>
        <imageNames>
          <string>rotating/mouse/Mouse_0.gif</string>
        </imageNames>
        <animTime>0</animTime>
        <totalDuration>2</totalDuration>
        <frameDuration>1</frameDuration>
      </animation>
      <name>Agent_4</name>
      <id>Entity_17</id>
      <x>241.0</x>
      <y>14.0</y>
      <dx>0.0</dx>
      <dy>0.0</dy>
      <parentWorld reference="../../.."/>
      <sensors>
        <org.simbrain.world.odorworld.sensors.TileSensor>
          <parent class="org.simbrain.world.odorworld.entities.RotatingEntity" reference="../../.."/>
          <id>Sensor_4</id>
          <label>Tile (0,0):101x348</label>
          <value>0.0</value>
          <activationAmount>1.0</activationAmount>
          <x>2</x>
          <y>0</y>
          <width>101</width>
          <height>80</height>
        </org.simbrain.world.odorworld.sensors.TileSensor>
        <org.simbrain.world.odorworld.sensors.TileSensor>
          <parent class="org.simbrain.world.odorworld.entities.RotatingEntity" reference="../../.."/>
          <id>Sensor_5</id>
          <label>Tile (101,0):101x348</label>
          <value>0.0</value>
          <activationAmount>1.0</activationAmount>
          <x>103</x>
          <y>0</y>
          <width>101</width>
          <height>80</height>
        </org.simbrain.world.odorworld.sensors.TileSensor>
        <org.simbrain.world.odorworld.sensors.TileSensor>
          <parent class="org.simbrain.world.odorworld.entities.RotatingEntity" reference="../../.."/>
          <id>Sensor_6</id>
          <label>Tile (202,0):101x348</label>
          <value>0.0</value>
          <activationAmount>1.0</activationAmount>
          <x>204</x>
          <y>0</y>
          <width>202</width>
          <height>80</height>
        </org.simbrain.world.odorworld.sensors.TileSensor>
        <org.simbrain.world.odorworld.sensors.TileSensor>
          <parent class="org.simbrain.world.odorworld.entities.RotatingEntity" reference="../../.."/>
          <id>Sensor_8</id>
          <label>Tile (404,0):101x348</label>
          <value>0.0</value>
          <activationAmount>1.0</activationAmount>
          <x>406</x>
          <y>0</y>
          <width>101</width>
          <height>80</height>
        </org.simbrain.world.odorworld.sensors.TileSensor>
        <org.simbrain.world.odorworld.sensors.TileSensor>
          <parent class="org.simbrain.world.odorworld.entities.RotatingEntity" reference="../../.."/>
          <id>Sensor_9</id>
          <label>Tile (505,0):101x348</label>
          <value>0.0</value>
          <activationAmount>1.0</activationAmount>
          <x>507</x>
          <y>0</y>
          <width>101</width>
          <height>80</height>
        </org.simbrain.world.odorworld.sensors.TileSensor>
        <org.simbrain.world.odorworld.sensors.TileSensor>
          <parent class="org.simbrain.world.odorworld.entities.RotatingEntity" reference="../../.."/>
          <id>Sensor_10</id>
          <label>Tile (204,0):202x80</label>
          <value>0.0</value>
          <activationAmount>1.0</activationAmount>
          <x>204</x>
          <y>0</y>
          <width>202</width>
          <height>80</height>
        </org.simbrain.world.odorworld.sensors.TileSensor>
      </sensors>
      <effectors>
        <org.simbrain.world.odorworld.effectors.StraightMovement>
          <parent class="org.simbrain.world.odorworld.entities.RotatingEntity" reference="../../.."/>
          <id>Effector_1</id>
          <label>Go-straight</label>
          <amount>0.0</amount>
          <scalingFactor>1.0</scalingFactor>
        </org.simbrain.world.odorworld.effectors.StraightMovement>
        <org.simbrain.world.odorworld.effectors.Turning>
          <parent class="org.simbrain.world.odorworld.entities.RotatingEntity" reference="../../.."/>
          <id>Effector_2</id>
          <label>Go-left</label>
          <direction>1.0</direction>
          <amount>0.0</amount>
        </org.simbrain.world.odorworld.effectors.Turning>
        <org.simbrain.world.odorworld.effectors.Turning>
          <parent class="org.simbrain.world.odorworld.entities.RotatingEntity" reference="../../.."/>
          <id>Effector_3</id>
          <label>Go-right</label>
          <direction>-1.0</direction>
          <amount>0.0</amount>
        </org.simbrain.world.odorworld.effectors.Turning>
      </effectors>
      <behavior class="org.simbrain.world.odorworld.behaviors.StationaryBehavior"/>
      <collision>false</collision>
      <sensorsEnabled>true</sensorsEnabled>
      <effectorsEnabled>true</effectorsEnabled>
      <showSensors>true</showSensors>
      <sensorIDGenerator>
        <rootName>Sensor</rootName>
        <index>11</index>
      </sensorIDGenerator>
      <effectorIDGenerator>
        <rootName>Effector</rootName>
        <index>4</index>
      </effectorIDGenerator>
      <currentlyHeardPhrases/>
      <heading>0.0</heading>
      <manualMotionTurnIncrement>4.0</manualMotionTurnIncrement>
      <manualStraightMovementIncrement>4.0</manualStraightMovementIncrement>
      <entityType>Mouse</entityType>
    </org.simbrain.world.odorworld.entities.RotatingEntity>
  </entityList>
  <totalSmellVectorLength>0.0</totalSmellVectorLength>
  <wrapAround>false</wrapAround>
  <objectsBlockMovement>false</objectsBlockMovement>
  <height>348</height>
  <width>611</width>
  <entityIDGenerator>
    <rootName>Entity</rootName>
    <index>18</index>
  </entityIDGenerator>
  <agentNameGenerator>
    <rootName>Agent</rootName>
    <index>5</index>
  </agentNameGenerator>
</org.simbrain.world.odorworld.OdorWorld>