<org.simbrain.network.core.Network>
  <neuronList/>
  <synapseList class="linked-hash-set"/>
  <groupList>
    <org.simbrain.network.groups.NeuronGroup>
      <parentNetwork reference="../../.."/>
      <id>Group_8</id>
      <label>Receptors</label>
      <stateInfo></stateInfo>
      <markedForDeletion>false</markedForDeletion>
      <updateRule>Linear</updateRule>
      <isSpikingNeuronGroup>false</isSpikingNeuronGroup>
      <neuronList class="java.util.concurrent.CopyOnWriteArrayList" serialization="custom">
        <java.util.concurrent.CopyOnWriteArrayList>
          <default/>
          <int>6</int>
          <org.simbrain.network.core.Neuron>
            <updateRule class="org.simbrain.network.neuron_update_rules.LinearRule">
              <inputType>WEIGHTED</inputType>
              <increment>0.1</increment>
              <slope>1.0</slope>
              <bias>0.0</bias>
              <noiseGenerator>
                <pdf>UNIFORM</pdf>
                <param1>0.0</param1>
                <param2>1.0</param2>
                <upperBound>1.0</upperBound>
                <lowerBound>0.0</lowerBound>
                <clipping>false</clipping>
              </noiseGenerator>
              <addNoise>false</addNoise>
              <clipping>true</clipping>
              <upperBound>1.0</upperBound>
              <lowerBound>-1.0</lowerBound>
            </updateRule>
            <id>Neuron_171</id>
            <label>1/A</label>
            <activation>0.0</activation>
            <spike>false</spike>
            <buffer>0.0</buffer>
            <spkBuffer>false</spkBuffer>
            <inputValue>0.0</inputValue>
            <parent reference="../../../../../.."/>
            <x>12.18625219306738</x>
            <y>-509.1389575170834</y>
            <z>0.0</z>
            <clamped>false</clamped>
            <polarity>BOTH</polarity>
            <targetValue>0.0</targetValue>
            <lastActivation>0.0</lastActivation>
            <parentGroup class="org.simbrain.network.groups.NeuronGroup" reference="../../../.."/>
            <updatePriority>0</updatePriority>
            <auxValue>0.0</auxValue>
          </org.simbrain.network.core.Neuron>
          <org.simbrain.network.core.Neuron>
            <updateRule class="org.simbrain.network.neuron_update_rules.LinearRule">
              <inputType>WEIGHTED</inputType>
              <increment>0.1</increment>
              <slope>1.0</slope>
              <bias>0.0</bias>
              <noiseGenerator>
                <pdf>UNIFORM</pdf>
                <param1>0.0</param1>
                <param2>1.0</param2>
                <upperBound>1.0</upperBound>
                <lowerBound>0.0</lowerBound>
                <clipping>false</clipping>
              </noiseGenerator>
              <addNoise>false</addNoise>
              <clipping>true</clipping>
              <upperBound>1.0</upperBound>
              <lowerBound>-1.0</lowerBound>
            </updateRule>
            <id>Neuron_172</id>
            <label>2/B</label>
            <activation>0.0</activation>
            <spike>false</spike>
            <buffer>0.0</buffer>
            <spkBuffer>false</spkBuffer>
            <inputValue>0.0</inputValue>
            <parent reference="../../../../../.."/>
            <x>52.18625219306756</x>
            <y>-509.1389575170834</y>
            <z>0.0</z>
            <clamped>false</clamped>
            <polarity>BOTH</polarity>
            <targetValue>0.0</targetValue>
            <lastActivation>0.0</lastActivation>
            <parentGroup class="org.simbrain.network.groups.NeuronGroup" reference="../../../.."/>
            <updatePriority>0</updatePriority>
            <auxValue>0.0</auxValue>
          </org.simbrain.network.core.Neuron>
          <org.simbrain.network.core.Neuron>
            <updateRule class="org.simbrain.network.neuron_update_rules.LinearRule">
              <inputType>WEIGHTED</inputType>
              <increment>0.1</increment>
              <slope>1.0</slope>
              <bias>0.0</bias>
              <noiseGenerator>
                <pdf>UNIFORM</pdf>
                <param1>0.0</param1>
                <param2>1.0</param2>
                <upperBound>1.0</upperBound>
                <lowerBound>0.0</lowerBound>
                <clipping>false</clipping>
              </noiseGenerator>
              <addNoise>false</addNoise>
              <clipping>true</clipping>
              <upperBound>1.0</upperBound>
              <lowerBound>-1.0</lowerBound>
            </updateRule>
            <id>Neuron_173</id>
            <label>3/O</label>
            <activation>0.0</activation>
            <spike>false</spike>
            <buffer>0.0</buffer>
            <spkBuffer>false</spkBuffer>
            <inputValue>0.0</inputValue>
            <parent reference="../../../../../.."/>
            <x>92.18625219306743</x>
            <y>-509.1389575170834</y>
            <z>0.0</z>
            <clamped>false</clamped>
            <polarity>BOTH</polarity>
            <targetValue>0.0</targetValue>
            <lastActivation>0.0</lastActivation>
            <parentGroup class="org.simbrain.network.groups.NeuronGroup" reference="../../../.."/>
            <updatePriority>0</updatePriority>
            <auxValue>0.0</auxValue>
          </org.simbrain.network.core.Neuron>
          <org.simbrain.network.core.Neuron>
            <updateRule class="org.simbrain.network.neuron_update_rules.LinearRule">
              <inputType>WEIGHTED</inputType>
              <increment>0.1</increment>
              <slope>1.0</slope>
              <bias>0.0</bias>
              <noiseGenerator>
                <pdf>UNIFORM</pdf>
                <param1>0.0</param1>
                <param2>1.0</param2>
                <upperBound>1.0</upperBound>
                <lowerBound>0.0</lowerBound>
                <clipping>false</clipping>
              </noiseGenerator>
              <addNoise>false</addNoise>
              <clipping>true</clipping>
              <upperBound>1.0</upperBound>
              <lowerBound>-1.0</lowerBound>
            </updateRule>
            <id>Neuron_174</id>
            <label>4/O</label>
            <activation>0.0</activation>
            <spike>false</spike>
            <buffer>0.0</buffer>
            <spkBuffer>false</spkBuffer>
            <inputValue>0.0</inputValue>
            <parent reference="../../../../../.."/>
            <x>132.18625219306773</x>
            <y>-509.1389575170834</y>
            <z>0.0</z>
            <clamped>false</clamped>
            <polarity>BOTH</polarity>
            <targetValue>0.0</targetValue>
            <lastActivation>0.0</lastActivation>
            <parentGroup class="org.simbrain.network.groups.NeuronGroup" reference="../../../.."/>
            <updatePriority>0</updatePriority>
            <auxValue>0.0</auxValue>
          </org.simbrain.network.core.Neuron>
          <org.simbrain.network.core.Neuron>
            <updateRule class="org.simbrain.network.neuron_update_rules.LinearRule">
              <inputType>WEIGHTED</inputType>
              <increment>0.1</increment>
              <slope>1.0</slope>
              <bias>0.0</bias>
              <noiseGenerator>
                <pdf>UNIFORM</pdf>
                <param1>0.0</param1>
                <param2>1.0</param2>
                <upperBound>1.0</upperBound>
                <lowerBound>0.0</lowerBound>
                <clipping>false</clipping>
              </noiseGenerator>
              <addNoise>false</addNoise>
              <clipping>true</clipping>
              <upperBound>1.0</upperBound>
              <lowerBound>-1.0</lowerBound>
            </updateRule>
            <id>Neuron_175</id>
            <label>5/D</label>
            <activation>0.0</activation>
            <spike>false</spike>
            <buffer>0.0</buffer>
            <spkBuffer>false</spkBuffer>
            <inputValue>0.0</inputValue>
            <parent reference="../../../../../.."/>
            <x>172.18625219306773</x>
            <y>-509.1389575170834</y>
            <z>0.0</z>
            <clamped>false</clamped>
            <polarity>BOTH</polarity>
            <targetValue>0.0</targetValue>
            <lastActivation>0.0</lastActivation>
            <parentGroup class="org.simbrain.network.groups.NeuronGroup" reference="../../../.."/>
            <updatePriority>0</updatePriority>
            <auxValue>0.0</auxValue>
          </org.simbrain.network.core.Neuron>
          <org.simbrain.network.core.Neuron>
            <updateRule class="org.simbrain.network.neuron_update_rules.LinearRule">
              <inputType>WEIGHTED</inputType>
              <increment>0.1</increment>
              <slope>1.0</slope>
              <bias>0.0</bias>
              <noiseGenerator>
                <pdf>UNIFORM</pdf>
                <param1>0.0</param1>
                <param2>1.0</param2>
                <upperBound>1.0</upperBound>
                <lowerBound>0.0</lowerBound>
                <clipping>false</clipping>
              </noiseGenerator>
              <addNoise>false</addNoise>
              <clipping>true</clipping>
              <upperBound>1.0</upperBound>
              <lowerBound>-1.0</lowerBound>
            </updateRule>
            <id>Neuron_176</id>
            <label>6/E</label>
            <activation>0.0</activation>
            <spike>false</spike>
            <buffer>0.0</buffer>
            <spkBuffer>false</spkBuffer>
            <inputValue>0.0</inputValue>
            <parent reference="../../../../../.."/>
            <x>212.18625219306782</x>
            <y>-509.1389575170834</y>
            <z>0.0</z>
            <clamped>false</clamped>
            <polarity>BOTH</polarity>
            <targetValue>0.0</targetValue>
            <lastActivation>0.0</lastActivation>
            <parentGroup class="org.simbrain.network.groups.NeuronGroup" reference="../../../.."/>
            <updatePriority>0</updatePriority>
            <auxValue>0.0</auxValue>
          </org.simbrain.network.core.Neuron>
        </java.util.concurrent.CopyOnWriteArrayList>
      </neuronList>
      <layout class="org.simbrain.network.layouts.LineLayout">
        <orientation>HORIZONTAL</orientation>
        <spacing>40.0</spacing>
        <initialX>586.5188066486128</initialX>
        <initialY>-616.5900806640705</initialY>
      </layout>
      <incomingSgs/>
      <outgoingSgs/>
      <gridThreshold>10</gridThreshold>
      <betweenNeuronInterval>50</betweenNeuronInterval>
      <recordAsSpikes>false</recordAsSpikes>
      <recording>false</recording>
      <inputMode>false</inputMode>
      <inputIndex>0</inputIndex>
      <writeCounter>0</writeCounter>
      <subsamplingIndices>
        <int>16</int>
        <int>11</int>
        <int>6</int>
        <int>4</int>
        <int>18</int>
        <int>22</int>
        <int>9</int>
        <int>23</int>
        <int>5</int>
        <int>17</int>
        <int>7</int>
        <int>10</int>
        <int>12</int>
        <int>20</int>
        <int>24</int>
        <int>13</int>
        <int>14</int>
        <int>15</int>
        <int>21</int>
        <int>3</int>
        <int>2</int>
        <int>8</int>
        <int>0</int>
        <int>1</int>
        <int>19</int>
      </subsamplingIndices>
      <fileNum>0</fileNum>
    </org.simbrain.network.groups.NeuronGroup>
  </groupList>
  <textList/>
  <updateManager>
    <actionList>
      <org.simbrain.network.update__actions.BufferedUpdate>
        <network reference="../../../.."/>
      </org.simbrain.network.update__actions.BufferedUpdate>
      <org.simbrain.network.update__actions.UpdateGroup>
        <group class="org.simbrain.network.groups.NeuronGroup" reference="../../../../groupList/org.simbrain.network.groups.NeuronGroup"/>
      </org.simbrain.network.update__actions.UpdateGroup>
    </actionList>
    <network reference="../.."/>
  </updateManager>
  <time>258590.30000002275</time>
  <timeStep>1.0</timeStep>
  <timeType>DISCRETE</timeType>
  <prioritySortedNeuronList>
    <org.simbrain.network.core.Neuron reference="../../groupList/org.simbrain.network.groups.NeuronGroup/neuronList/java.util.concurrent.CopyOnWriteArrayList/org.simbrain.network.core.Neuron"/>
    <org.simbrain.network.core.Neuron reference="../../groupList/org.simbrain.network.groups.NeuronGroup/neuronList/java.util.concurrent.CopyOnWriteArrayList/org.simbrain.network.core.Neuron[2]"/>
    <org.simbrain.network.core.Neuron reference="../../groupList/org.simbrain.network.groups.NeuronGroup/neuronList/java.util.concurrent.CopyOnWriteArrayList/org.simbrain.network.core.Neuron[3]"/>
    <org.simbrain.network.core.Neuron reference="../../groupList/org.simbrain.network.groups.NeuronGroup/neuronList/java.util.concurrent.CopyOnWriteArrayList/org.simbrain.network.core.Neuron[4]"/>
    <org.simbrain.network.core.Neuron reference="../../groupList/org.simbrain.network.groups.NeuronGroup/neuronList/java.util.concurrent.CopyOnWriteArrayList/org.simbrain.network.core.Neuron[5]"/>
    <org.simbrain.network.core.Neuron reference="../../groupList/org.simbrain.network.groups.NeuronGroup/neuronList/java.util.concurrent.CopyOnWriteArrayList/org.simbrain.network.core.Neuron[6]"/>
  </prioritySortedNeuronList>
  <priorityComparator>
    <outer-class reference="../.."/>
  </priorityComparator>
  <neuronIdGenerator>
    <rootName>Neuron</rootName>
    <index>208</index>
  </neuronIdGenerator>
  <synapseIdGenerator>
    <rootName>Synapse</rootName>
    <index>37</index>
  </synapseIdGenerator>
  <groupIdGenerator>
    <rootName>Group</rootName>
    <index>10</index>
  </groupIdGenerator>
  <fireUpdates>true</fireUpdates>
  <name>abridging and scrambling receptors.xml</name>
</org.simbrain.network.core.Network>