<org.simbrain.network.core.Network>
  <neuronList/>
  <synapseList class="linked-hash-set">
    <org.simbrain.network.core.Synapse>
      <parentNetwork reference="../../.."/>
      <source>
        <updateRule class="org.simbrain.network.neuron_update_rules.BinaryRule">
          <inputType>WEIGHTED</inputType>
          <increment>0.1</increment>
          <threshold>1.0</threshold>
          <ceiling>1.0</ceiling>
          <floor>0.0</floor>
          <bias>0.05</bias>
        </updateRule>
        <id>Neuron_103</id>
        <label>Sensor-front</label>
        <activation>0.0</activation>
        <spike>false</spike>
        <buffer>0.0</buffer>
        <spkBuffer>false</spkBuffer>
        <inputValue>0.0</inputValue>
        <parent reference="../../../.."/>
        <x>98.79329276638667</x>
        <y>-133.97454194418452</y>
        <z>0.0</z>
        <clamped>false</clamped>
        <polarity>BOTH</polarity>
        <targetValue>0.0</targetValue>
        <lastActivation>0.0</lastActivation>
        <parentGroup class="org.simbrain.network.groups.NeuronGroup">
          <parentNetwork reference="../../../../.."/>
          <id>Group_5</id>
          <label>Constant motion logic</label>
          <stateInfo></stateInfo>
          <markedForDeletion>false</markedForDeletion>
          <isSpikingNeuronGroup>false</isSpikingNeuronGroup>
          <neuronList>
            <org.simbrain.network.core.Neuron>
              <updateRule class="org.simbrain.network.neuron_update_rules.BinaryRule">
                <inputType>WEIGHTED</inputType>
                <increment>0.1</increment>
                <threshold>0.5</threshold>
                <ceiling>0.0</ceiling>
                <floor>10.0</floor>
                <bias>0.0</bias>
              </updateRule>
              <id>Neuron_102</id>
              <label>Go straight</label>
              <activation>10.0</activation>
              <spike>false</spike>
              <buffer>10.0</buffer>
              <spkBuffer>false</spkBuffer>
              <inputValue>0.0</inputValue>
              <parent reference="../../../../../../.."/>
              <x>56.30050224073277</x>
              <y>-209.2411401883226</y>
              <z>0.0</z>
              <clamped>false</clamped>
              <polarity>BOTH</polarity>
              <targetValue>0.0</targetValue>
              <lastActivation>10.0</lastActivation>
              <parentGroup class="org.simbrain.network.groups.NeuronGroup" reference="../../.."/>
              <updatePriority>0</updatePriority>
              <auxValue>0.0</auxValue>
            </org.simbrain.network.core.Neuron>
            <org.simbrain.network.core.Neuron reference="../../.."/>
            <org.simbrain.network.core.Neuron>
              <updateRule class="org.simbrain.network.neuron_update_rules.BinaryRule">
                <inputType>WEIGHTED</inputType>
                <increment>0.1</increment>
                <threshold>0.9</threshold>
                <ceiling>900.0</ceiling>
                <floor>0.0</floor>
                <bias>0.0</bias>
              </updateRule>
              <id>Neuron_104</id>
              <label>Turn around</label>
              <activation>0.0</activation>
              <spike>false</spike>
              <buffer>0.0</buffer>
              <spkBuffer>false</spkBuffer>
              <inputValue>0.0</inputValue>
              <parent reference="../../../../../../.."/>
              <x>136.9630719981095</x>
              <y>-208.3889047885783</y>
              <z>0.0</z>
              <clamped>false</clamped>
              <polarity>BOTH</polarity>
              <targetValue>0.0</targetValue>
              <lastActivation>0.0</lastActivation>
              <parentGroup class="org.simbrain.network.groups.NeuronGroup" reference="../../.."/>
              <updatePriority>0</updatePriority>
              <auxValue>0.0</auxValue>
            </org.simbrain.network.core.Neuron>
          </neuronList>
          <layout class="org.simbrain.network.layouts.LineLayout">
            <orientation>HORIZONTAL</orientation>
            <spacing>50.0</spacing>
            <initialX>0.0</initialX>
            <initialY>0.0</initialY>
          </layout>
          <incomingSgs/>
          <outgoingSgs/>
          <gridThreshold>10</gridThreshold>
          <betweenNeuronInterval>50</betweenNeuronInterval>
          <recordAsSpikes>false</recordAsSpikes>
          <recording>false</recording>
          <inputMode>false</inputMode>
          <inputIndex>0</inputIndex>
          <writeCounter>0</writeCounter>
          <fileNum>0</fileNum>
        </parentGroup>
        <updatePriority>0</updatePriority>
        <auxValue>0.0</auxValue>
      </source>
      <target reference="../source/parentGroup/neuronList/org.simbrain.network.core.Neuron"/>
      <learningRule class="org.simbrain.network.synapse_update_rules.StaticSynapseRule">
        <clipped>false</clipped>
      </learningRule>
      <id>Synapse_7</id>
      <strength>1.0</strength>
      <psr>0.0</psr>
      <increment>1.0</increment>
      <upperBound>10.0</upperBound>
      <lowerBound>-10.0</lowerBound>
      <delay>0</delay>
      <enabled>true</enabled>
      <frozen>false</frozen>
      <dlyPtr>6</dlyPtr>
      <dlyVal>0.0</dlyVal>
      <isTemplate>false</isTemplate>
    </org.simbrain.network.core.Synapse>
    <org.simbrain.network.core.Synapse>
      <parentNetwork reference="../../.."/>
      <source reference="../../org.simbrain.network.core.Synapse/source"/>
      <target reference="../../org.simbrain.network.core.Synapse/source/parentGroup/neuronList/org.simbrain.network.core.Neuron[3]"/>
      <learningRule class="org.simbrain.network.synapse_update_rules.StaticSynapseRule">
        <clipped>false</clipped>
      </learningRule>
      <id>Synapse_8</id>
      <strength>1.0</strength>
      <psr>0.0</psr>
      <increment>1.0</increment>
      <upperBound>10.0</upperBound>
      <lowerBound>-10.0</lowerBound>
      <delay>1</delay>
      <enabled>true</enabled>
      <frozen>false</frozen>
      <delayManager>
        <double>0.0</double>
      </delayManager>
      <dlyPtr>1</dlyPtr>
      <dlyVal>0.0</dlyVal>
      <isTemplate>false</isTemplate>
    </org.simbrain.network.core.Synapse>
    <org.simbrain.network.core.Synapse>
      <parentNetwork reference="../../.."/>
      <source>
        <updateRule class="org.simbrain.network.neuron_update_rules.BinaryRule">
          <inputType>WEIGHTED</inputType>
          <increment>0.1</increment>
          <threshold>1.0</threshold>
          <ceiling>1.0</ceiling>
          <floor>0.0</floor>
          <bias>0.0</bias>
        </updateRule>
        <id>Neuron_110</id>
        <label>Sensor-front</label>
        <activation>0.0</activation>
        <spike>false</spike>
        <buffer>0.0</buffer>
        <spkBuffer>false</spkBuffer>
        <inputValue>0.0</inputValue>
        <parent reference="../../../.."/>
        <x>318.05485744594876</x>
        <y>-135.2129090107606</y>
        <z>0.0</z>
        <clamped>false</clamped>
        <polarity>BOTH</polarity>
        <targetValue>0.0</targetValue>
        <lastActivation>0.0</lastActivation>
        <parentGroup class="org.simbrain.network.groups.NeuronGroup">
          <parentNetwork reference="../../../../.."/>
          <id>Group_6</id>
          <label>Abridging motion logic</label>
          <stateInfo></stateInfo>
          <markedForDeletion>false</markedForDeletion>
          <isSpikingNeuronGroup>false</isSpikingNeuronGroup>
          <neuronList>
            <org.simbrain.network.core.Neuron>
              <updateRule class="org.simbrain.network.neuron_update_rules.BinaryRule">
                <inputType>WEIGHTED</inputType>
                <increment>0.1</increment>
                <threshold>0.5</threshold>
                <ceiling>0.0</ceiling>
                <floor>10.0</floor>
                <bias>0.0</bias>
              </updateRule>
              <id>Neuron_109</id>
              <label>Go straight</label>
              <activation>10.0</activation>
              <spike>false</spike>
              <buffer>0.0</buffer>
              <spkBuffer>false</spkBuffer>
              <inputValue>0.0</inputValue>
              <parent reference="../../../../../../.."/>
              <x>279.83532141149897</x>
              <y>-206.20625276369444</y>
              <z>0.0</z>
              <clamped>false</clamped>
              <polarity>BOTH</polarity>
              <targetValue>0.0</targetValue>
              <lastActivation>0.0</lastActivation>
              <parentGroup class="org.simbrain.network.groups.NeuronGroup" reference="../../.."/>
              <updatePriority>0</updatePriority>
              <auxValue>0.0</auxValue>
            </org.simbrain.network.core.Neuron>
            <org.simbrain.network.core.Neuron reference="../../.."/>
            <org.simbrain.network.core.Neuron>
              <updateRule class="org.simbrain.network.neuron_update_rules.BinaryRule">
                <inputType>WEIGHTED</inputType>
                <increment>0.1</increment>
                <threshold>0.9</threshold>
                <ceiling>900.0</ceiling>
                <floor>0.0</floor>
                <bias>0.0</bias>
              </updateRule>
              <id>Neuron_111</id>
              <label>Turn around</label>
              <activation>0.0</activation>
              <spike>false</spike>
              <buffer>0.0</buffer>
              <spkBuffer>false</spkBuffer>
              <inputValue>0.0</inputValue>
              <parent reference="../../../../../../.."/>
              <x>360.49789116887575</x>
              <y>-205.35401736395013</y>
              <z>0.0</z>
              <clamped>false</clamped>
              <polarity>BOTH</polarity>
              <targetValue>0.0</targetValue>
              <lastActivation>0.0</lastActivation>
              <parentGroup class="org.simbrain.network.groups.NeuronGroup" reference="../../.."/>
              <updatePriority>0</updatePriority>
              <auxValue>0.0</auxValue>
            </org.simbrain.network.core.Neuron>
          </neuronList>
          <layout class="org.simbrain.network.layouts.LineLayout">
            <orientation>HORIZONTAL</orientation>
            <spacing>50.0</spacing>
            <initialX>0.0</initialX>
            <initialY>0.0</initialY>
          </layout>
          <incomingSgs/>
          <outgoingSgs/>
          <gridThreshold>10</gridThreshold>
          <betweenNeuronInterval>50</betweenNeuronInterval>
          <recordAsSpikes>false</recordAsSpikes>
          <recording>false</recording>
          <inputMode>false</inputMode>
          <inputIndex>0</inputIndex>
          <writeCounter>0</writeCounter>
          <subsamplingIndices>
            <int>2</int>
            <int>1</int>
            <int>0</int>
          </subsamplingIndices>
          <fileNum>0</fileNum>
        </parentGroup>
        <updatePriority>0</updatePriority>
        <auxValue>0.0</auxValue>
      </source>
      <target reference="../source/parentGroup/neuronList/org.simbrain.network.core.Neuron"/>
      <learningRule class="org.simbrain.network.synapse_update_rules.StaticSynapseRule">
        <clipped>false</clipped>
      </learningRule>
      <id>Synapse_27</id>
      <strength>1.0</strength>
      <psr>0.0</psr>
      <increment>1.0</increment>
      <upperBound>10.0</upperBound>
      <lowerBound>-10.0</lowerBound>
      <delay>0</delay>
      <enabled>true</enabled>
      <frozen>false</frozen>
      <dlyPtr>0</dlyPtr>
      <dlyVal>0.0</dlyVal>
      <isTemplate>false</isTemplate>
    </org.simbrain.network.core.Synapse>
    <org.simbrain.network.core.Synapse>
      <parentNetwork reference="../../.."/>
      <source reference="../../org.simbrain.network.core.Synapse[3]/source"/>
      <target reference="../../org.simbrain.network.core.Synapse[3]/source/parentGroup/neuronList/org.simbrain.network.core.Neuron[3]"/>
      <learningRule class="org.simbrain.network.synapse_update_rules.StaticSynapseRule" reference="../../org.simbrain.network.core.Synapse[3]/learningRule"/>
      <id>Synapse_28</id>
      <strength>1.0</strength>
      <psr>0.0</psr>
      <increment>1.0</increment>
      <upperBound>10.0</upperBound>
      <lowerBound>-10.0</lowerBound>
      <delay>0</delay>
      <enabled>true</enabled>
      <frozen>false</frozen>
      <dlyPtr>0</dlyPtr>
      <dlyVal>0.0</dlyVal>
      <isTemplate>false</isTemplate>
    </org.simbrain.network.core.Synapse>
  </synapseList>
  <groupList>
    <org.simbrain.network.groups.NeuronGroup>
      <parentNetwork reference="../../.."/>
      <id>Group_2</id>
      <label>Mechanoreceptors</label>
      <stateInfo></stateInfo>
      <markedForDeletion>false</markedForDeletion>
      <updateRule>Linear</updateRule>
      <isSpikingNeuronGroup>false</isSpikingNeuronGroup>
      <neuronList class="java.util.concurrent.CopyOnWriteArrayList" serialization="custom">
        <java.util.concurrent.CopyOnWriteArrayList>
          <default/>
          <int>9</int>
          <org.simbrain.network.core.Neuron>
            <updateRule class="org.simbrain.network.neuron_update_rules.LinearRule">
              <inputType>WEIGHTED</inputType>
              <increment>0.1</increment>
              <slope>1.0</slope>
              <bias>0.0</bias>
              <noiseGenerator>
                <pdf>UNIFORM</pdf>
                <param1>0.0</param1>
                <param2>1.0</param2>
                <upperBound>1.0</upperBound>
                <lowerBound>0.0</lowerBound>
                <clipping>false</clipping>
              </noiseGenerator>
              <addNoise>false</addNoise>
              <clipping>true</clipping>
              <upperBound>1.0</upperBound>
              <lowerBound>-1.0</lowerBound>
            </updateRule>
            <id>Neuron_61</id>
            <label></label>
            <activation>0.0</activation>
            <spike>false</spike>
            <buffer>0.0</buffer>
            <spkBuffer>false</spkBuffer>
            <inputValue>0.0</inputValue>
            <parent reference="../../../../../.."/>
            <x>42.16166518622167</x>
            <y>-313.2990925102577</y>
            <z>0.0</z>
            <clamped>false</clamped>
            <polarity>BOTH</polarity>
            <targetValue>0.0</targetValue>
            <lastActivation>0.0</lastActivation>
            <parentGroup class="org.simbrain.network.groups.NeuronGroup" reference="../../../.."/>
            <updatePriority>0</updatePriority>
            <auxValue>0.0</auxValue>
          </org.simbrain.network.core.Neuron>
          <org.simbrain.network.core.Neuron>
            <updateRule class="org.simbrain.network.neuron_update_rules.LinearRule">
              <inputType>WEIGHTED</inputType>
              <increment>0.1</increment>
              <slope>1.0</slope>
              <bias>0.0</bias>
              <noiseGenerator reference="../../../org.simbrain.network.core.Neuron/updateRule/noiseGenerator"/>
              <addNoise>false</addNoise>
              <clipping>true</clipping>
              <upperBound>1.0</upperBound>
              <lowerBound>-1.0</lowerBound>
            </updateRule>
            <id>Neuron_62</id>
            <label></label>
            <activation>0.0</activation>
            <spike>false</spike>
            <buffer>0.0</buffer>
            <spkBuffer>false</spkBuffer>
            <inputValue>0.0</inputValue>
            <parent reference="../../../../../.."/>
            <x>82.16166518622185</x>
            <y>-313.2990925102577</y>
            <z>0.0</z>
            <clamped>false</clamped>
            <polarity>BOTH</polarity>
            <targetValue>0.0</targetValue>
            <lastActivation>0.0</lastActivation>
            <parentGroup class="org.simbrain.network.groups.NeuronGroup" reference="../../../.."/>
            <updatePriority>0</updatePriority>
            <auxValue>0.0</auxValue>
          </org.simbrain.network.core.Neuron>
          <org.simbrain.network.core.Neuron>
            <updateRule class="org.simbrain.network.neuron_update_rules.LinearRule">
              <inputType>WEIGHTED</inputType>
              <increment>0.1</increment>
              <slope>1.0</slope>
              <bias>0.0</bias>
              <noiseGenerator reference="../../../org.simbrain.network.core.Neuron/updateRule/noiseGenerator"/>
              <addNoise>false</addNoise>
              <clipping>true</clipping>
              <upperBound>1.0</upperBound>
              <lowerBound>-1.0</lowerBound>
            </updateRule>
            <id>Neuron_63</id>
            <label></label>
            <activation>0.0</activation>
            <spike>false</spike>
            <buffer>0.0</buffer>
            <spkBuffer>false</spkBuffer>
            <inputValue>0.0</inputValue>
            <parent reference="../../../../../.."/>
            <x>122.16166518622249</x>
            <y>-313.2990925102577</y>
            <z>0.0</z>
            <clamped>false</clamped>
            <polarity>BOTH</polarity>
            <targetValue>0.0</targetValue>
            <lastActivation>0.0</lastActivation>
            <parentGroup class="org.simbrain.network.groups.NeuronGroup" reference="../../../.."/>
            <updatePriority>0</updatePriority>
            <auxValue>0.0</auxValue>
          </org.simbrain.network.core.Neuron>
          <org.simbrain.network.core.Neuron>
            <updateRule class="org.simbrain.network.neuron_update_rules.LinearRule">
              <inputType>WEIGHTED</inputType>
              <increment>0.1</increment>
              <slope>1.0</slope>
              <bias>0.0</bias>
              <noiseGenerator reference="../../../org.simbrain.network.core.Neuron/updateRule/noiseGenerator"/>
              <addNoise>false</addNoise>
              <clipping>true</clipping>
              <upperBound>1.0</upperBound>
              <lowerBound>-1.0</lowerBound>
            </updateRule>
            <id>Neuron_64</id>
            <label></label>
            <activation>1.0</activation>
            <spike>false</spike>
            <buffer>1.0</buffer>
            <spkBuffer>false</spkBuffer>
            <inputValue>0.0</inputValue>
            <parent reference="../../../../../.."/>
            <x>162.16166518622276</x>
            <y>-313.2990925102577</y>
            <z>0.0</z>
            <clamped>false</clamped>
            <polarity>BOTH</polarity>
            <targetValue>0.0</targetValue>
            <lastActivation>1.0</lastActivation>
            <parentGroup class="org.simbrain.network.groups.NeuronGroup" reference="../../../.."/>
            <updatePriority>0</updatePriority>
            <auxValue>0.0</auxValue>
          </org.simbrain.network.core.Neuron>
          <org.simbrain.network.core.Neuron>
            <updateRule class="org.simbrain.network.neuron_update_rules.LinearRule">
              <inputType>WEIGHTED</inputType>
              <increment>0.1</increment>
              <slope>1.0</slope>
              <bias>0.0</bias>
              <noiseGenerator reference="../../../org.simbrain.network.core.Neuron/updateRule/noiseGenerator"/>
              <addNoise>false</addNoise>
              <clipping>true</clipping>
              <upperBound>1.0</upperBound>
              <lowerBound>-1.0</lowerBound>
            </updateRule>
            <id>Neuron_65</id>
            <label></label>
            <activation>0.0</activation>
            <spike>false</spike>
            <buffer>0.0</buffer>
            <spkBuffer>false</spkBuffer>
            <inputValue>0.0</inputValue>
            <parent reference="../../../../../.."/>
            <x>202.16166518622217</x>
            <y>-313.2990925102577</y>
            <z>0.0</z>
            <clamped>false</clamped>
            <polarity>BOTH</polarity>
            <targetValue>0.0</targetValue>
            <lastActivation>0.0</lastActivation>
            <parentGroup class="org.simbrain.network.groups.NeuronGroup" reference="../../../.."/>
            <updatePriority>0</updatePriority>
            <auxValue>0.0</auxValue>
          </org.simbrain.network.core.Neuron>
          <org.simbrain.network.core.Neuron>
            <updateRule class="org.simbrain.network.neuron_update_rules.LinearRule">
              <inputType>WEIGHTED</inputType>
              <increment>0.1</increment>
              <slope>1.0</slope>
              <bias>0.0</bias>
              <noiseGenerator reference="../../../org.simbrain.network.core.Neuron/updateRule/noiseGenerator"/>
              <addNoise>false</addNoise>
              <clipping>true</clipping>
              <upperBound>1.0</upperBound>
              <lowerBound>-1.0</lowerBound>
            </updateRule>
            <id>Neuron_66</id>
            <label></label>
            <activation>0.0</activation>
            <spike>false</spike>
            <buffer>0.0</buffer>
            <spkBuffer>false</spkBuffer>
            <inputValue>0.0</inputValue>
            <parent reference="../../../../../.."/>
            <x>242.16166518622038</x>
            <y>-313.2990925102577</y>
            <z>0.0</z>
            <clamped>false</clamped>
            <polarity>BOTH</polarity>
            <targetValue>0.0</targetValue>
            <lastActivation>0.0</lastActivation>
            <parentGroup class="org.simbrain.network.groups.NeuronGroup" reference="../../../.."/>
            <updatePriority>0</updatePriority>
            <auxValue>0.0</auxValue>
          </org.simbrain.network.core.Neuron>
          <org.simbrain.network.core.Neuron>
            <updateRule class="org.simbrain.network.neuron_update_rules.LinearRule">
              <inputType>WEIGHTED</inputType>
              <increment>0.1</increment>
              <slope>1.0</slope>
              <bias>0.0</bias>
              <noiseGenerator reference="../../../org.simbrain.network.core.Neuron/updateRule/noiseGenerator"/>
              <addNoise>false</addNoise>
              <clipping>true</clipping>
              <upperBound>1.0</upperBound>
              <lowerBound>-1.0</lowerBound>
            </updateRule>
            <id>Neuron_67</id>
            <label></label>
            <activation>0.0</activation>
            <spike>false</spike>
            <buffer>0.0</buffer>
            <spkBuffer>false</spkBuffer>
            <inputValue>0.0</inputValue>
            <parent reference="../../../../../.."/>
            <x>282.1616651862208</x>
            <y>-313.2990925102577</y>
            <z>0.0</z>
            <clamped>false</clamped>
            <polarity>BOTH</polarity>
            <targetValue>0.0</targetValue>
            <lastActivation>0.0</lastActivation>
            <parentGroup class="org.simbrain.network.groups.NeuronGroup" reference="../../../.."/>
            <updatePriority>0</updatePriority>
            <auxValue>0.0</auxValue>
          </org.simbrain.network.core.Neuron>
          <org.simbrain.network.core.Neuron>
            <updateRule class="org.simbrain.network.neuron_update_rules.LinearRule">
              <inputType>WEIGHTED</inputType>
              <increment>0.1</increment>
              <slope>1.0</slope>
              <bias>0.0</bias>
              <noiseGenerator reference="../../../org.simbrain.network.core.Neuron/updateRule/noiseGenerator"/>
              <addNoise>false</addNoise>
              <clipping>true</clipping>
              <upperBound>1.0</upperBound>
              <lowerBound>-1.0</lowerBound>
            </updateRule>
            <id>Neuron_68</id>
            <label></label>
            <activation>0.0</activation>
            <spike>false</spike>
            <buffer>0.0</buffer>
            <spkBuffer>false</spkBuffer>
            <inputValue>0.0</inputValue>
            <parent reference="../../../../../.."/>
            <x>322.1616651862206</x>
            <y>-313.2990925102577</y>
            <z>0.0</z>
            <clamped>false</clamped>
            <polarity>BOTH</polarity>
            <targetValue>0.0</targetValue>
            <lastActivation>0.0</lastActivation>
            <parentGroup class="org.simbrain.network.groups.NeuronGroup" reference="../../../.."/>
            <updatePriority>0</updatePriority>
            <auxValue>0.0</auxValue>
          </org.simbrain.network.core.Neuron>
          <org.simbrain.network.core.Neuron>
            <updateRule class="org.simbrain.network.neuron_update_rules.LinearRule">
              <inputType>WEIGHTED</inputType>
              <increment>0.1</increment>
              <slope>1.0</slope>
              <bias>0.0</bias>
              <noiseGenerator reference="../../../org.simbrain.network.core.Neuron/updateRule/noiseGenerator"/>
              <addNoise>false</addNoise>
              <clipping>true</clipping>
              <upperBound>1.0</upperBound>
              <lowerBound>-1.0</lowerBound>
            </updateRule>
            <id>Neuron_69</id>
            <label></label>
            <activation>0.0</activation>
            <spike>false</spike>
            <buffer>0.0</buffer>
            <spkBuffer>false</spkBuffer>
            <inputValue>0.0</inputValue>
            <parent reference="../../../../../.."/>
            <x>362.1616651862206</x>
            <y>-313.2990925102577</y>
            <z>0.0</z>
            <clamped>false</clamped>
            <polarity>BOTH</polarity>
            <targetValue>0.0</targetValue>
            <lastActivation>0.0</lastActivation>
            <parentGroup class="org.simbrain.network.groups.NeuronGroup" reference="../../../.."/>
            <updatePriority>0</updatePriority>
            <auxValue>0.0</auxValue>
          </org.simbrain.network.core.Neuron>
        </java.util.concurrent.CopyOnWriteArrayList>
      </neuronList>
      <layout class="org.simbrain.network.layouts.LineLayout">
        <orientation>HORIZONTAL</orientation>
        <spacing>40.0</spacing>
        <initialX>0.0</initialX>
        <initialY>0.0</initialY>
      </layout>
      <incomingSgs/>
      <outgoingSgs/>
      <gridThreshold>10</gridThreshold>
      <betweenNeuronInterval>50</betweenNeuronInterval>
      <recordAsSpikes>false</recordAsSpikes>
      <recording>false</recording>
      <inputMode>false</inputMode>
      <inputIndex>0</inputIndex>
      <writeCounter>0</writeCounter>
      <subsamplingIndices>
        <int>20</int>
        <int>3</int>
        <int>22</int>
        <int>12</int>
        <int>8</int>
        <int>16</int>
        <int>4</int>
        <int>14</int>
        <int>21</int>
        <int>1</int>
        <int>7</int>
        <int>13</int>
        <int>11</int>
        <int>15</int>
        <int>18</int>
        <int>0</int>
        <int>10</int>
        <int>5</int>
        <int>6</int>
        <int>23</int>
        <int>2</int>
        <int>9</int>
        <int>24</int>
        <int>17</int>
        <int>19</int>
      </subsamplingIndices>
      <fileNum>0</fileNum>
    </org.simbrain.network.groups.NeuronGroup>
    <org.simbrain.network.groups.NeuronGroup reference="../../synapseList/org.simbrain.network.core.Synapse/source/parentGroup"/>
    <org.simbrain.network.groups.NeuronGroup reference="../../synapseList/org.simbrain.network.core.Synapse[3]/source/parentGroup"/>
  </groupList>
  <textList/>
  <updateManager>
    <actionList>
      <org.simbrain.network.update__actions.BufferedUpdate>
        <network reference="../../../.."/>
      </org.simbrain.network.update__actions.BufferedUpdate>
      <org.simbrain.network.update__actions.UpdateGroup>
        <group class="org.simbrain.network.groups.NeuronGroup" reference="../../../../groupList/org.simbrain.network.groups.NeuronGroup"/>
      </org.simbrain.network.update__actions.UpdateGroup>
      <org.simbrain.network.update__actions.UpdateGroup>
        <group class="org.simbrain.network.groups.NeuronGroup" reference="../../../../synapseList/org.simbrain.network.core.Synapse/source/parentGroup"/>
      </org.simbrain.network.update__actions.UpdateGroup>
      <org.simbrain.network.update__actions.UpdateGroup>
        <group class="org.simbrain.network.groups.NeuronGroup" reference="../../../../synapseList/org.simbrain.network.core.Synapse[3]/source/parentGroup"/>
      </org.simbrain.network.update__actions.UpdateGroup>
    </actionList>
    <network reference="../.."/>
  </updateManager>
  <time>13822.300000022757</time>
  <timeStep>1.0</timeStep>
  <timeType>DISCRETE</timeType>
  <prioritySortedNeuronList>
    <org.simbrain.network.core.Neuron>
      <updateRule class="org.simbrain.network.neuron_update_rules.LinearRule">
        <inputType>WEIGHTED</inputType>
        <increment>0.1</increment>
        <slope>1.0</slope>
        <bias>0.0</bias>
        <noiseGenerator>
          <pdf>UNIFORM</pdf>
          <param1>0.0</param1>
          <param2>1.0</param2>
          <upperBound>1.0</upperBound>
          <lowerBound>0.0</lowerBound>
          <clipping>false</clipping>
        </noiseGenerator>
        <addNoise>false</addNoise>
        <clipping>true</clipping>
        <upperBound>1.0</upperBound>
        <lowerBound>-1.0</lowerBound>
      </updateRule>
      <id>Neuron_105</id>
      <label>Abridge</label>
      <activation>0.0</activation>
      <spike>false</spike>
      <buffer>0.0</buffer>
      <spkBuffer>false</spkBuffer>
      <inputValue>0.0</inputValue>
      <parent reference="../../.."/>
      <x>288.591262578341</x>
      <y>-178.01462898257122</y>
      <z>0.0</z>
      <clamped>false</clamped>
      <polarity>BOTH</polarity>
      <targetValue>0.0</targetValue>
      <lastActivation>0.0</lastActivation>
      <updatePriority>0</updatePriority>
      <auxValue>0.0</auxValue>
    </org.simbrain.network.core.Neuron>
    <org.simbrain.network.core.Neuron reference="../../groupList/org.simbrain.network.groups.NeuronGroup/neuronList/java.util.concurrent.CopyOnWriteArrayList/org.simbrain.network.core.Neuron"/>
    <org.simbrain.network.core.Neuron reference="../../groupList/org.simbrain.network.groups.NeuronGroup/neuronList/java.util.concurrent.CopyOnWriteArrayList/org.simbrain.network.core.Neuron[2]"/>
    <org.simbrain.network.core.Neuron reference="../../groupList/org.simbrain.network.groups.NeuronGroup/neuronList/java.util.concurrent.CopyOnWriteArrayList/org.simbrain.network.core.Neuron[3]"/>
    <org.simbrain.network.core.Neuron reference="../../groupList/org.simbrain.network.groups.NeuronGroup/neuronList/java.util.concurrent.CopyOnWriteArrayList/org.simbrain.network.core.Neuron[4]"/>
    <org.simbrain.network.core.Neuron reference="../../groupList/org.simbrain.network.groups.NeuronGroup/neuronList/java.util.concurrent.CopyOnWriteArrayList/org.simbrain.network.core.Neuron[5]"/>
    <org.simbrain.network.core.Neuron reference="../../groupList/org.simbrain.network.groups.NeuronGroup/neuronList/java.util.concurrent.CopyOnWriteArrayList/org.simbrain.network.core.Neuron[6]"/>
    <org.simbrain.network.core.Neuron reference="../../groupList/org.simbrain.network.groups.NeuronGroup/neuronList/java.util.concurrent.CopyOnWriteArrayList/org.simbrain.network.core.Neuron[7]"/>
    <org.simbrain.network.core.Neuron reference="../../groupList/org.simbrain.network.groups.NeuronGroup/neuronList/java.util.concurrent.CopyOnWriteArrayList/org.simbrain.network.core.Neuron[8]"/>
    <org.simbrain.network.core.Neuron reference="../../groupList/org.simbrain.network.groups.NeuronGroup/neuronList/java.util.concurrent.CopyOnWriteArrayList/org.simbrain.network.core.Neuron[9]"/>
    <org.simbrain.network.core.Neuron reference="../../synapseList/org.simbrain.network.core.Synapse/source/parentGroup/neuronList/org.simbrain.network.core.Neuron"/>
    <org.simbrain.network.core.Neuron reference="../../synapseList/org.simbrain.network.core.Synapse/source"/>
    <org.simbrain.network.core.Neuron reference="../../synapseList/org.simbrain.network.core.Synapse/source/parentGroup/neuronList/org.simbrain.network.core.Neuron[3]"/>
  </prioritySortedNeuronList>
  <priorityComparator>
    <outer-class reference="../.."/>
  </priorityComparator>
  <neuronIdGenerator>
    <rootName>Neuron</rootName>
    <index>112</index>
  </neuronIdGenerator>
  <synapseIdGenerator>
    <rootName>Synapse</rootName>
    <index>29</index>
  </synapseIdGenerator>
  <groupIdGenerator>
    <rootName>Group</rootName>
    <index>7</index>
  </groupIdGenerator>
  <fireUpdates>true</fireUpdates>
  <name>Network2</name>
</org.simbrain.network.core.Network>