<org.simbrain.network.core.Network>
  <neuronList>
    <org.simbrain.network.core.Neuron>
      <updateRule class="org.simbrain.network.neuron_update_rules.BinaryRule">
        <inputType>WEIGHTED</inputType>
        <increment>0.1</increment>
        <threshold>0.5</threshold>
        <ceiling>0.0</ceiling>
        <floor>0.8</floor>
        <bias>0.0</bias>
      </updateRule>
      <id>Neuron_1</id>
      <label>Go straight</label>
      <activation>0.8</activation>
      <spike>false</spike>
      <buffer>0.8</buffer>
      <spkBuffer>false</spkBuffer>
      <inputValue>0.0</inputValue>
      <parent reference="../../.."/>
      <x>593.8759106178559</x>
      <y>-5.994222547329574</y>
      <z>0.0</z>
      <clamped>false</clamped>
      <polarity>BOTH</polarity>
      <targetValue>0.0</targetValue>
      <lastActivation>0.8</lastActivation>
      <updatePriority>0</updatePriority>
      <auxValue>0.0</auxValue>
    </org.simbrain.network.core.Neuron>
    <org.simbrain.network.core.Neuron>
      <updateRule class="org.simbrain.network.neuron_update_rules.BinaryRule">
        <inputType>WEIGHTED</inputType>
        <increment>0.1</increment>
        <threshold>1.0</threshold>
        <ceiling>1.0</ceiling>
        <floor>0.0</floor>
        <bias>0.05</bias>
      </updateRule>
      <id>Neuron_34</id>
      <label>Sensor-front</label>
      <activation>0.0</activation>
      <spike>false</spike>
      <buffer>0.0</buffer>
      <spkBuffer>false</spkBuffer>
      <inputValue>0.0</inputValue>
      <parent reference="../../.."/>
      <x>636.3687011435097</x>
      <y>69.27237569680885</y>
      <z>0.0</z>
      <clamped>false</clamped>
      <polarity>BOTH</polarity>
      <targetValue>0.0</targetValue>
      <lastActivation>0.0</lastActivation>
      <updatePriority>0</updatePriority>
      <auxValue>0.0</auxValue>
    </org.simbrain.network.core.Neuron>
    <org.simbrain.network.core.Neuron>
      <updateRule class="org.simbrain.network.neuron_update_rules.BinaryRule">
        <inputType>WEIGHTED</inputType>
        <increment>0.1</increment>
        <threshold>0.9</threshold>
        <ceiling>900.0</ceiling>
        <floor>0.0</floor>
        <bias>0.0</bias>
      </updateRule>
      <id>Neuron_35</id>
      <label>Turn around</label>
      <activation>0.0</activation>
      <spike>false</spike>
      <buffer>0.0</buffer>
      <spkBuffer>false</spkBuffer>
      <inputValue>0.0</inputValue>
      <parent reference="../../.."/>
      <x>680.8249652546914</x>
      <y>-4.443488827645371</y>
      <z>0.0</z>
      <clamped>false</clamped>
      <polarity>BOTH</polarity>
      <targetValue>0.0</targetValue>
      <lastActivation>0.0</lastActivation>
      <updatePriority>0</updatePriority>
      <auxValue>0.0</auxValue>
    </org.simbrain.network.core.Neuron>
  </neuronList>
  <synapseList class="linked-hash-set">
    <org.simbrain.network.core.Synapse>
      <parentNetwork reference="../../.."/>
      <source reference="../../../neuronList/org.simbrain.network.core.Neuron[2]"/>
      <target reference="../../../neuronList/org.simbrain.network.core.Neuron"/>
      <learningRule class="org.simbrain.network.synapse_update_rules.StaticSynapseRule">
        <clipped>false</clipped>
      </learningRule>
      <id>Synapse_7</id>
      <strength>1.0</strength>
      <psr>0.0</psr>
      <increment>1.0</increment>
      <upperBound>10.0</upperBound>
      <lowerBound>-10.0</lowerBound>
      <delay>0</delay>
      <enabled>true</enabled>
      <frozen>false</frozen>
      <dlyPtr>6</dlyPtr>
      <dlyVal>0.0</dlyVal>
      <isTemplate>false</isTemplate>
    </org.simbrain.network.core.Synapse>
    <org.simbrain.network.core.Synapse>
      <parentNetwork reference="../../.."/>
      <source reference="../../../neuronList/org.simbrain.network.core.Neuron[2]"/>
      <target reference="../../../neuronList/org.simbrain.network.core.Neuron[3]"/>
      <learningRule class="org.simbrain.network.synapse_update_rules.StaticSynapseRule">
        <clipped>false</clipped>
      </learningRule>
      <id>Synapse_8</id>
      <strength>1.0</strength>
      <psr>0.0</psr>
      <increment>1.0</increment>
      <upperBound>10.0</upperBound>
      <lowerBound>-10.0</lowerBound>
      <delay>1</delay>
      <enabled>true</enabled>
      <frozen>false</frozen>
      <delayManager>
        <double>0.0</double>
      </delayManager>
      <dlyPtr>1</dlyPtr>
      <dlyVal>0.0</dlyVal>
      <isTemplate>false</isTemplate>
    </org.simbrain.network.core.Synapse>
  </synapseList>
  <groupList>
    <org.simbrain.network.groups.NeuronGroup>
      <parentNetwork reference="../../.."/>
      <id>Group_2</id>
      <label>Mechanoreceptors</label>
      <stateInfo></stateInfo>
      <markedForDeletion>false</markedForDeletion>
      <updateRule>Linear</updateRule>
      <isSpikingNeuronGroup>false</isSpikingNeuronGroup>
      <neuronList class="java.util.concurrent.CopyOnWriteArrayList" serialization="custom">
        <java.util.concurrent.CopyOnWriteArrayList>
          <default/>
          <int>9</int>
          <org.simbrain.network.core.Neuron>
            <updateRule class="org.simbrain.network.neuron_update_rules.LinearRule">
              <inputType>WEIGHTED</inputType>
              <increment>0.1</increment>
              <slope>1.0</slope>
              <bias>0.0</bias>
              <noiseGenerator>
                <pdf>UNIFORM</pdf>
                <param1>0.0</param1>
                <param2>1.0</param2>
                <upperBound>1.0</upperBound>
                <lowerBound>0.0</lowerBound>
                <clipping>false</clipping>
              </noiseGenerator>
              <addNoise>false</addNoise>
              <clipping>true</clipping>
              <upperBound>1.0</upperBound>
              <lowerBound>-1.0</lowerBound>
            </updateRule>
            <id>Neuron_61</id>
            <label></label>
            <activation>0.0</activation>
            <spike>false</spike>
            <buffer>0.0</buffer>
            <spkBuffer>false</spkBuffer>
            <inputValue>0.0</inputValue>
            <parent reference="../../../../../.."/>
            <x>-3.0720224039974653</x>
            <y>233.92574664470462</y>
            <z>0.0</z>
            <clamped>false</clamped>
            <polarity>BOTH</polarity>
            <targetValue>0.0</targetValue>
            <lastActivation>0.0</lastActivation>
            <parentGroup class="org.simbrain.network.groups.NeuronGroup" reference="../../../.."/>
            <updatePriority>0</updatePriority>
            <auxValue>0.0</auxValue>
          </org.simbrain.network.core.Neuron>
          <org.simbrain.network.core.Neuron>
            <updateRule class="org.simbrain.network.neuron_update_rules.LinearRule">
              <inputType>WEIGHTED</inputType>
              <increment>0.1</increment>
              <slope>1.0</slope>
              <bias>0.0</bias>
              <noiseGenerator reference="../../../org.simbrain.network.core.Neuron/updateRule/noiseGenerator"/>
              <addNoise>false</addNoise>
              <clipping>true</clipping>
              <upperBound>1.0</upperBound>
              <lowerBound>-1.0</lowerBound>
            </updateRule>
            <id>Neuron_62</id>
            <label></label>
            <activation>0.0</activation>
            <spike>false</spike>
            <buffer>0.0</buffer>
            <spkBuffer>false</spkBuffer>
            <inputValue>0.0</inputValue>
            <parent reference="../../../../../.."/>
            <x>36.92797759600255</x>
            <y>233.92574664470462</y>
            <z>0.0</z>
            <clamped>false</clamped>
            <polarity>BOTH</polarity>
            <targetValue>0.0</targetValue>
            <lastActivation>0.0</lastActivation>
            <parentGroup class="org.simbrain.network.groups.NeuronGroup" reference="../../../.."/>
            <updatePriority>0</updatePriority>
            <auxValue>0.0</auxValue>
          </org.simbrain.network.core.Neuron>
          <org.simbrain.network.core.Neuron>
            <updateRule class="org.simbrain.network.neuron_update_rules.LinearRule">
              <inputType>WEIGHTED</inputType>
              <increment>0.1</increment>
              <slope>1.0</slope>
              <bias>0.0</bias>
              <noiseGenerator reference="../../../org.simbrain.network.core.Neuron/updateRule/noiseGenerator"/>
              <addNoise>false</addNoise>
              <clipping>true</clipping>
              <upperBound>1.0</upperBound>
              <lowerBound>-1.0</lowerBound>
            </updateRule>
            <id>Neuron_63</id>
            <label></label>
            <activation>0.0</activation>
            <spike>false</spike>
            <buffer>0.0</buffer>
            <spkBuffer>false</spkBuffer>
            <inputValue>0.0</inputValue>
            <parent reference="../../../../../.."/>
            <x>76.92797759600272</x>
            <y>233.92574664470462</y>
            <z>0.0</z>
            <clamped>false</clamped>
            <polarity>BOTH</polarity>
            <targetValue>0.0</targetValue>
            <lastActivation>0.0</lastActivation>
            <parentGroup class="org.simbrain.network.groups.NeuronGroup" reference="../../../.."/>
            <updatePriority>0</updatePriority>
            <auxValue>0.0</auxValue>
          </org.simbrain.network.core.Neuron>
          <org.simbrain.network.core.Neuron>
            <updateRule class="org.simbrain.network.neuron_update_rules.LinearRule">
              <inputType>WEIGHTED</inputType>
              <increment>0.1</increment>
              <slope>1.0</slope>
              <bias>0.0</bias>
              <noiseGenerator reference="../../../org.simbrain.network.core.Neuron/updateRule/noiseGenerator"/>
              <addNoise>false</addNoise>
              <clipping>true</clipping>
              <upperBound>1.0</upperBound>
              <lowerBound>-1.0</lowerBound>
            </updateRule>
            <id>Neuron_64</id>
            <label></label>
            <activation>0.0</activation>
            <spike>false</spike>
            <buffer>0.0</buffer>
            <spkBuffer>false</spkBuffer>
            <inputValue>0.0</inputValue>
            <parent reference="../../../../../.."/>
            <x>116.92797759600293</x>
            <y>233.92574664470462</y>
            <z>0.0</z>
            <clamped>false</clamped>
            <polarity>BOTH</polarity>
            <targetValue>0.0</targetValue>
            <lastActivation>0.0</lastActivation>
            <parentGroup class="org.simbrain.network.groups.NeuronGroup" reference="../../../.."/>
            <updatePriority>0</updatePriority>
            <auxValue>0.0</auxValue>
          </org.simbrain.network.core.Neuron>
          <org.simbrain.network.core.Neuron>
            <updateRule class="org.simbrain.network.neuron_update_rules.LinearRule">
              <inputType>WEIGHTED</inputType>
              <increment>0.1</increment>
              <slope>1.0</slope>
              <bias>0.0</bias>
              <noiseGenerator reference="../../../org.simbrain.network.core.Neuron/updateRule/noiseGenerator"/>
              <addNoise>false</addNoise>
              <clipping>true</clipping>
              <upperBound>1.0</upperBound>
              <lowerBound>-1.0</lowerBound>
            </updateRule>
            <id>Neuron_65</id>
            <label></label>
            <activation>0.0</activation>
            <spike>false</spike>
            <buffer>0.0</buffer>
            <spkBuffer>false</spkBuffer>
            <inputValue>0.0</inputValue>
            <parent reference="../../../../../.."/>
            <x>156.92797759600296</x>
            <y>233.92574664470462</y>
            <z>0.0</z>
            <clamped>false</clamped>
            <polarity>BOTH</polarity>
            <targetValue>0.0</targetValue>
            <lastActivation>0.0</lastActivation>
            <parentGroup class="org.simbrain.network.groups.NeuronGroup" reference="../../../.."/>
            <updatePriority>0</updatePriority>
            <auxValue>0.0</auxValue>
          </org.simbrain.network.core.Neuron>
          <org.simbrain.network.core.Neuron>
            <updateRule class="org.simbrain.network.neuron_update_rules.LinearRule">
              <inputType>WEIGHTED</inputType>
              <increment>0.1</increment>
              <slope>1.0</slope>
              <bias>0.0</bias>
              <noiseGenerator reference="../../../org.simbrain.network.core.Neuron/updateRule/noiseGenerator"/>
              <addNoise>false</addNoise>
              <clipping>true</clipping>
              <upperBound>1.0</upperBound>
              <lowerBound>-1.0</lowerBound>
            </updateRule>
            <id>Neuron_66</id>
            <label></label>
            <activation>0.0</activation>
            <spike>false</spike>
            <buffer>0.0</buffer>
            <spkBuffer>false</spkBuffer>
            <inputValue>0.0</inputValue>
            <parent reference="../../../../../.."/>
            <x>196.92797759600302</x>
            <y>233.92574664470462</y>
            <z>0.0</z>
            <clamped>false</clamped>
            <polarity>BOTH</polarity>
            <targetValue>0.0</targetValue>
            <lastActivation>0.0</lastActivation>
            <parentGroup class="org.simbrain.network.groups.NeuronGroup" reference="../../../.."/>
            <updatePriority>0</updatePriority>
            <auxValue>0.0</auxValue>
          </org.simbrain.network.core.Neuron>
          <org.simbrain.network.core.Neuron>
            <updateRule class="org.simbrain.network.neuron_update_rules.LinearRule">
              <inputType>WEIGHTED</inputType>
              <increment>0.1</increment>
              <slope>1.0</slope>
              <bias>0.0</bias>
              <noiseGenerator reference="../../../org.simbrain.network.core.Neuron/updateRule/noiseGenerator"/>
              <addNoise>false</addNoise>
              <clipping>true</clipping>
              <upperBound>1.0</upperBound>
              <lowerBound>-1.0</lowerBound>
            </updateRule>
            <id>Neuron_67</id>
            <label></label>
            <activation>0.0</activation>
            <spike>false</spike>
            <buffer>0.0</buffer>
            <spkBuffer>false</spkBuffer>
            <inputValue>0.0</inputValue>
            <parent reference="../../../../../.."/>
            <x>236.927977596003</x>
            <y>233.92574664470462</y>
            <z>0.0</z>
            <clamped>false</clamped>
            <polarity>BOTH</polarity>
            <targetValue>0.0</targetValue>
            <lastActivation>0.0</lastActivation>
            <parentGroup class="org.simbrain.network.groups.NeuronGroup" reference="../../../.."/>
            <updatePriority>0</updatePriority>
            <auxValue>0.0</auxValue>
          </org.simbrain.network.core.Neuron>
          <org.simbrain.network.core.Neuron>
            <updateRule class="org.simbrain.network.neuron_update_rules.LinearRule">
              <inputType>WEIGHTED</inputType>
              <increment>0.1</increment>
              <slope>1.0</slope>
              <bias>0.0</bias>
              <noiseGenerator reference="../../../org.simbrain.network.core.Neuron/updateRule/noiseGenerator"/>
              <addNoise>false</addNoise>
              <clipping>true</clipping>
              <upperBound>1.0</upperBound>
              <lowerBound>-1.0</lowerBound>
            </updateRule>
            <id>Neuron_68</id>
            <label></label>
            <activation>0.0</activation>
            <spike>false</spike>
            <buffer>0.0</buffer>
            <spkBuffer>false</spkBuffer>
            <inputValue>0.0</inputValue>
            <parent reference="../../../../../.."/>
            <x>276.9279775960028</x>
            <y>233.92574664470462</y>
            <z>0.0</z>
            <clamped>false</clamped>
            <polarity>BOTH</polarity>
            <targetValue>0.0</targetValue>
            <lastActivation>0.0</lastActivation>
            <parentGroup class="org.simbrain.network.groups.NeuronGroup" reference="../../../.."/>
            <updatePriority>0</updatePriority>
            <auxValue>0.0</auxValue>
          </org.simbrain.network.core.Neuron>
          <org.simbrain.network.core.Neuron>
            <updateRule class="org.simbrain.network.neuron_update_rules.LinearRule">
              <inputType>WEIGHTED</inputType>
              <increment>0.1</increment>
              <slope>1.0</slope>
              <bias>0.0</bias>
              <noiseGenerator reference="../../../org.simbrain.network.core.Neuron/updateRule/noiseGenerator"/>
              <addNoise>false</addNoise>
              <clipping>true</clipping>
              <upperBound>1.0</upperBound>
              <lowerBound>-1.0</lowerBound>
            </updateRule>
            <id>Neuron_69</id>
            <label></label>
            <activation>0.0</activation>
            <spike>false</spike>
            <buffer>0.0</buffer>
            <spkBuffer>false</spkBuffer>
            <inputValue>0.0</inputValue>
            <parent reference="../../../../../.."/>
            <x>316.9279775960028</x>
            <y>233.92574664470462</y>
            <z>0.0</z>
            <clamped>false</clamped>
            <polarity>BOTH</polarity>
            <targetValue>0.0</targetValue>
            <lastActivation>0.0</lastActivation>
            <parentGroup class="org.simbrain.network.groups.NeuronGroup" reference="../../../.."/>
            <updatePriority>0</updatePriority>
            <auxValue>0.0</auxValue>
          </org.simbrain.network.core.Neuron>
        </java.util.concurrent.CopyOnWriteArrayList>
      </neuronList>
      <layout class="org.simbrain.network.layouts.LineLayout">
        <orientation>HORIZONTAL</orientation>
        <spacing>40.0</spacing>
        <initialX>0.0</initialX>
        <initialY>0.0</initialY>
      </layout>
      <incomingSgs/>
      <outgoingSgs/>
      <gridThreshold>10</gridThreshold>
      <betweenNeuronInterval>50</betweenNeuronInterval>
      <recordAsSpikes>false</recordAsSpikes>
      <recording>false</recording>
      <inputMode>false</inputMode>
      <inputIndex>0</inputIndex>
      <writeCounter>0</writeCounter>
      <subsamplingIndices>
        <int>20</int>
        <int>3</int>
        <int>22</int>
        <int>12</int>
        <int>8</int>
        <int>16</int>
        <int>4</int>
        <int>14</int>
        <int>21</int>
        <int>1</int>
        <int>7</int>
        <int>13</int>
        <int>11</int>
        <int>15</int>
        <int>18</int>
        <int>0</int>
        <int>10</int>
        <int>5</int>
        <int>6</int>
        <int>23</int>
        <int>2</int>
        <int>9</int>
        <int>24</int>
        <int>17</int>
        <int>19</int>
      </subsamplingIndices>
      <fileNum>0</fileNum>
    </org.simbrain.network.groups.NeuronGroup>
  </groupList>
  <textList/>
  <updateManager>
    <actionList>
      <org.simbrain.network.update__actions.BufferedUpdate>
        <network reference="../../../.."/>
      </org.simbrain.network.update__actions.BufferedUpdate>
      <org.simbrain.network.update__actions.UpdateGroup>
        <group class="org.simbrain.network.groups.NeuronGroup" reference="../../../../groupList/org.simbrain.network.groups.NeuronGroup"/>
      </org.simbrain.network.update__actions.UpdateGroup>
    </actionList>
    <network reference="../.."/>
  </updateManager>
  <time>10823.000000021842</time>
  <timeStep>0.1</timeStep>
  <timeType>DISCRETE</timeType>
  <prioritySortedNeuronList>
    <org.simbrain.network.core.Neuron reference="../../neuronList/org.simbrain.network.core.Neuron"/>
    <org.simbrain.network.core.Neuron reference="../../neuronList/org.simbrain.network.core.Neuron[2]"/>
    <org.simbrain.network.core.Neuron reference="../../neuronList/org.simbrain.network.core.Neuron[3]"/>
    <org.simbrain.network.core.Neuron reference="../../groupList/org.simbrain.network.groups.NeuronGroup/neuronList/java.util.concurrent.CopyOnWriteArrayList/org.simbrain.network.core.Neuron"/>
    <org.simbrain.network.core.Neuron reference="../../groupList/org.simbrain.network.groups.NeuronGroup/neuronList/java.util.concurrent.CopyOnWriteArrayList/org.simbrain.network.core.Neuron[2]"/>
    <org.simbrain.network.core.Neuron reference="../../groupList/org.simbrain.network.groups.NeuronGroup/neuronList/java.util.concurrent.CopyOnWriteArrayList/org.simbrain.network.core.Neuron[3]"/>
    <org.simbrain.network.core.Neuron reference="../../groupList/org.simbrain.network.groups.NeuronGroup/neuronList/java.util.concurrent.CopyOnWriteArrayList/org.simbrain.network.core.Neuron[4]"/>
    <org.simbrain.network.core.Neuron reference="../../groupList/org.simbrain.network.groups.NeuronGroup/neuronList/java.util.concurrent.CopyOnWriteArrayList/org.simbrain.network.core.Neuron[5]"/>
    <org.simbrain.network.core.Neuron reference="../../groupList/org.simbrain.network.groups.NeuronGroup/neuronList/java.util.concurrent.CopyOnWriteArrayList/org.simbrain.network.core.Neuron[6]"/>
    <org.simbrain.network.core.Neuron reference="../../groupList/org.simbrain.network.groups.NeuronGroup/neuronList/java.util.concurrent.CopyOnWriteArrayList/org.simbrain.network.core.Neuron[7]"/>
    <org.simbrain.network.core.Neuron reference="../../groupList/org.simbrain.network.groups.NeuronGroup/neuronList/java.util.concurrent.CopyOnWriteArrayList/org.simbrain.network.core.Neuron[8]"/>
    <org.simbrain.network.core.Neuron reference="../../groupList/org.simbrain.network.groups.NeuronGroup/neuronList/java.util.concurrent.CopyOnWriteArrayList/org.simbrain.network.core.Neuron[9]"/>
  </prioritySortedNeuronList>
  <priorityComparator>
    <outer-class reference="../.."/>
  </priorityComparator>
  <neuronIdGenerator>
    <rootName>Neuron</rootName>
    <index>102</index>
  </neuronIdGenerator>
  <synapseIdGenerator>
    <rootName>Synapse</rootName>
    <index>27</index>
  </synapseIdGenerator>
  <groupIdGenerator>
    <rootName>Group</rootName>
    <index>5</index>
  </groupIdGenerator>
  <fireUpdates>false</fireUpdates>
  <name>Network2</name>
</org.simbrain.network.core.Network>