<org.simbrain.network.core.Network>
  <neuronList>
    <org.simbrain.network.core.Neuron>
      <updateRule class="org.simbrain.network.neuron_update_rules.LinearRule">
        <inputType>WEIGHTED</inputType>
        <increment>0.1</increment>
        <slope>1.0</slope>
        <bias>0.0</bias>
        <noiseGenerator>
          <pdf>UNIFORM</pdf>
          <param1>0.0</param1>
          <param2>1.0</param2>
          <upperBound>1.0</upperBound>
          <lowerBound>0.0</lowerBound>
          <clipping>false</clipping>
        </noiseGenerator>
        <addNoise>false</addNoise>
        <clipping>true</clipping>
        <upperBound>1.0</upperBound>
        <lowerBound>-1.0</lowerBound>
      </updateRule>
      <id>Neuron_145</id>
      <label></label>
      <activation>0.0</activation>
      <spike>false</spike>
      <buffer>0.0</buffer>
      <spkBuffer>false</spkBuffer>
      <inputValue>0.0</inputValue>
      <parent reference="../../.."/>
      <x>373.6708516566714</x>
      <y>-635.2990324045448</y>
      <z>0.0</z>
      <clamped>false</clamped>
      <polarity>BOTH</polarity>
      <targetValue>0.0</targetValue>
      <lastActivation>0.0</lastActivation>
      <updatePriority>0</updatePriority>
      <auxValue>0.0</auxValue>
    </org.simbrain.network.core.Neuron>
  </neuronList>
  <synapseList class="linked-hash-set">
    <org.simbrain.network.core.Synapse>
      <parentNetwork reference="../../.."/>
      <source>
        <updateRule class="org.simbrain.network.neuron_update_rules.BinaryRule">
          <inputType>WEIGHTED</inputType>
          <increment>0.1</increment>
          <threshold>0.95</threshold>
          <ceiling>1.0</ceiling>
          <floor>0.0</floor>
          <bias>0.0</bias>
        </updateRule>
        <id>Neuron_142</id>
        <label>Smell front (0)</label>
        <activation>0.0</activation>
        <spike>false</spike>
        <buffer>0.0</buffer>
        <spkBuffer>false</spkBuffer>
        <inputValue>0.0</inputValue>
        <parent reference="../../../.."/>
        <x>149.4193643972642</x>
        <y>-584.3216505698789</y>
        <z>0.0</z>
        <clamped>false</clamped>
        <polarity>BOTH</polarity>
        <targetValue>0.0</targetValue>
        <lastActivation>0.0</lastActivation>
        <parentGroup class="org.simbrain.network.groups.NeuronGroup">
          <parentNetwork reference="../../../../.."/>
          <id>Group_7</id>
          <label>Motion logic</label>
          <stateInfo></stateInfo>
          <markedForDeletion>false</markedForDeletion>
          <updateRule>Linear</updateRule>
          <isSpikingNeuronGroup>false</isSpikingNeuronGroup>
          <neuronList class="java.util.concurrent.CopyOnWriteArrayList" serialization="custom">
            <java.util.concurrent.CopyOnWriteArrayList>
              <default/>
              <int>8</int>
              <org.simbrain.network.core.Neuron>
                <updateRule class="org.simbrain.network.neuron_update_rules.BinaryRule">
                  <inputType>WEIGHTED</inputType>
                  <increment>0.1</increment>
                  <threshold>0.9</threshold>
                  <ceiling>1.0</ceiling>
                  <floor>0.0</floor>
                  <bias>0.0</bias>
                </updateRule>
                <id>Neuron_137</id>
                <label>Speed</label>
                <activation>2.0</activation>
                <spike>false</spike>
                <buffer>0.0</buffer>
                <spkBuffer>false</spkBuffer>
                <inputValue>0.0</inputValue>
                <parent reference="../../../../../../../.."/>
                <x>266.30105569514933</x>
                <y>-682.4722029082619</y>
                <z>0.0</z>
                <clamped>true</clamped>
                <polarity>BOTH</polarity>
                <targetValue>0.0</targetValue>
                <lastActivation>2.0</lastActivation>
                <parentGroup class="org.simbrain.network.groups.NeuronGroup" reference="../../../.."/>
                <updatePriority>0</updatePriority>
                <auxValue>0.0</auxValue>
              </org.simbrain.network.core.Neuron>
              <org.simbrain.network.core.Neuron>
                <updateRule class="org.simbrain.network.neuron_update_rules.BinaryRule">
                  <inputType>WEIGHTED</inputType>
                  <increment>0.1</increment>
                  <threshold>0.95</threshold>
                  <ceiling>1.0</ceiling>
                  <floor>0.0</floor>
                  <bias>0.0</bias>
                </updateRule>
                <id>Neuron_138</id>
                <label>Go east</label>
                <activation>0.0</activation>
                <spike>false</spike>
                <buffer>0.0</buffer>
                <spkBuffer>false</spkBuffer>
                <inputValue>0.0</inputValue>
                <parent reference="../../../../../../../.."/>
                <x>150.0631771062943</x>
                <y>-634.3216505698789</y>
                <z>0.0</z>
                <clamped>false</clamped>
                <polarity>BOTH</polarity>
                <targetValue>0.0</targetValue>
                <lastActivation>0.0</lastActivation>
                <parentGroup class="org.simbrain.network.groups.NeuronGroup" reference="../../../.."/>
                <updatePriority>0</updatePriority>
                <auxValue>0.0</auxValue>
              </org.simbrain.network.core.Neuron>
              <org.simbrain.network.core.Neuron>
                <updateRule class="org.simbrain.network.neuron_update_rules.BinaryRule">
                  <inputType>WEIGHTED</inputType>
                  <increment>0.1</increment>
                  <threshold>0.95</threshold>
                  <ceiling>1.0</ceiling>
                  <floor>0.0</floor>
                  <bias>0.0</bias>
                </updateRule>
                <id>Neuron_139</id>
                <label>Go west</label>
                <activation>0.0</activation>
                <spike>false</spike>
                <buffer>0.0</buffer>
                <spkBuffer>false</spkBuffer>
                <inputValue>0.0</inputValue>
                <parent reference="../../../../../../../.."/>
                <x>224.4193643972642</x>
                <y>-634.3216505698789</y>
                <z>0.0</z>
                <clamped>false</clamped>
                <polarity>BOTH</polarity>
                <targetValue>0.0</targetValue>
                <lastActivation>0.0</lastActivation>
                <parentGroup class="org.simbrain.network.groups.NeuronGroup" reference="../../../.."/>
                <updatePriority>0</updatePriority>
                <auxValue>0.0</auxValue>
              </org.simbrain.network.core.Neuron>
              <org.simbrain.network.core.Neuron>
                <updateRule class="org.simbrain.network.neuron_update_rules.LinearRule">
                  <inputType>WEIGHTED</inputType>
                  <increment>0.1</increment>
                  <slope>1.0</slope>
                  <bias>0.0</bias>
                  <noiseGenerator>
                    <pdf>UNIFORM</pdf>
                    <param1>0.0</param1>
                    <param2>1.0</param2>
                    <upperBound>1.0</upperBound>
                    <lowerBound>0.0</lowerBound>
                    <clipping>false</clipping>
                  </noiseGenerator>
                  <addNoise>false</addNoise>
                  <clipping>true</clipping>
                  <upperBound>1.0</upperBound>
                  <lowerBound>-1.0</lowerBound>
                </updateRule>
                <id>Neuron_140</id>
                <label></label>
                <activation>0.0</activation>
                <spike>false</spike>
                <buffer>0.0</buffer>
                <spkBuffer>false</spkBuffer>
                <inputValue>0.0</inputValue>
                <parent reference="../../../../../../../.."/>
                <x>299.43874227813274</x>
                <y>-634.2635169272743</y>
                <z>0.0</z>
                <clamped>false</clamped>
                <polarity>BOTH</polarity>
                <targetValue>0.0</targetValue>
                <lastActivation>0.0</lastActivation>
                <parentGroup class="org.simbrain.network.groups.NeuronGroup" reference="../../../.."/>
                <updatePriority>0</updatePriority>
                <auxValue>0.0</auxValue>
              </org.simbrain.network.core.Neuron>
              <org.simbrain.network.core.Neuron>
                <updateRule class="org.simbrain.network.neuron_update_rules.BinaryRule">
                  <inputType>WEIGHTED</inputType>
                  <increment>0.1</increment>
                  <threshold>0.95</threshold>
                  <ceiling>1.0</ceiling>
                  <floor>0.0</floor>
                  <bias>0.0</bias>
                </updateRule>
                <id>Neuron_141</id>
                <label>SF (3)</label>
                <activation>0.0</activation>
                <spike>false</spike>
                <buffer>0.0</buffer>
                <spkBuffer>false</spkBuffer>
                <inputValue>0.0</inputValue>
                <parent reference="../../../../../../../.."/>
                <x>375.54324856416486</x>
                <y>-583.8373533156234</y>
                <z>0.0</z>
                <clamped>false</clamped>
                <polarity>BOTH</polarity>
                <targetValue>0.0</targetValue>
                <lastActivation>0.0</lastActivation>
                <parentGroup class="org.simbrain.network.groups.NeuronGroup" reference="../../../.."/>
                <updatePriority>0</updatePriority>
                <auxValue>0.0</auxValue>
              </org.simbrain.network.core.Neuron>
              <org.simbrain.network.core.Neuron reference="../../../.."/>
              <org.simbrain.network.core.Neuron>
                <updateRule class="org.simbrain.network.neuron_update_rules.BinaryRule">
                  <inputType>WEIGHTED</inputType>
                  <increment>0.1</increment>
                  <threshold>0.95</threshold>
                  <ceiling>1.0</ceiling>
                  <floor>0.0</floor>
                  <bias>0.0</bias>
                </updateRule>
                <id>Neuron_143</id>
                <label>SF (1)</label>
                <activation>0.0</activation>
                <spike>false</spike>
                <buffer>0.0</buffer>
                <spkBuffer>false</spkBuffer>
                <inputValue>0.0</inputValue>
                <parent reference="../../../../../../../.."/>
                <x>224.4193643972642</x>
                <y>-584.3216505698789</y>
                <z>0.0</z>
                <clamped>false</clamped>
                <polarity>BOTH</polarity>
                <targetValue>0.0</targetValue>
                <lastActivation>0.0</lastActivation>
                <parentGroup class="org.simbrain.network.groups.NeuronGroup" reference="../../../.."/>
                <updatePriority>0</updatePriority>
                <auxValue>0.0</auxValue>
              </org.simbrain.network.core.Neuron>
              <org.simbrain.network.core.Neuron>
                <updateRule class="org.simbrain.network.neuron_update_rules.BinaryRule">
                  <inputType>WEIGHTED</inputType>
                  <increment>0.1</increment>
                  <threshold>0.95</threshold>
                  <ceiling>1.0</ceiling>
                  <floor>0.0</floor>
                  <bias>0.0</bias>
                </updateRule>
                <id>Neuron_144</id>
                <label>SF (2)</label>
                <activation>0.0</activation>
                <spike>false</spike>
                <buffer>0.0</buffer>
                <spkBuffer>false</spkBuffer>
                <inputValue>0.0</inputValue>
                <parent reference="../../../../../../../.."/>
                <x>300.11269605266347</x>
                <y>-583.48351743903</y>
                <z>0.0</z>
                <clamped>false</clamped>
                <polarity>BOTH</polarity>
                <targetValue>0.0</targetValue>
                <lastActivation>0.0</lastActivation>
                <parentGroup class="org.simbrain.network.groups.NeuronGroup" reference="../../../.."/>
                <updatePriority>0</updatePriority>
                <auxValue>0.0</auxValue>
              </org.simbrain.network.core.Neuron>
            </java.util.concurrent.CopyOnWriteArrayList>
          </neuronList>
          <layout class="org.simbrain.network.layouts.GridLayout">
            <initialX>98.88424734040802</initialX>
            <initialY>-607.9253294996454</initialY>
            <numColumns>4</numColumns>
            <hSpacing>75.0</hSpacing>
            <vSpacing>50.0</vSpacing>
            <manualColumns>true</manualColumns>
          </layout>
          <incomingSgs/>
          <outgoingSgs/>
          <gridThreshold>10</gridThreshold>
          <betweenNeuronInterval>50</betweenNeuronInterval>
          <recordAsSpikes>false</recordAsSpikes>
          <recording>false</recording>
          <inputMode>false</inputMode>
          <inputIndex>0</inputIndex>
          <writeCounter>0</writeCounter>
          <subsamplingIndices>
            <int>8</int>
            <int>20</int>
            <int>9</int>
            <int>2</int>
            <int>19</int>
            <int>18</int>
            <int>4</int>
            <int>10</int>
            <int>1</int>
            <int>24</int>
            <int>21</int>
            <int>11</int>
            <int>13</int>
            <int>22</int>
            <int>14</int>
            <int>5</int>
            <int>17</int>
            <int>15</int>
            <int>16</int>
            <int>6</int>
            <int>7</int>
            <int>0</int>
            <int>12</int>
            <int>23</int>
            <int>3</int>
          </subsamplingIndices>
          <fileNum>0</fileNum>
        </parentGroup>
        <updatePriority>0</updatePriority>
        <auxValue>0.0</auxValue>
      </source>
      <target reference="../source/parentGroup/neuronList/java.util.concurrent.CopyOnWriteArrayList/org.simbrain.network.core.Neuron[2]"/>
      <learningRule class="org.simbrain.network.synapse_update_rules.StaticSynapseRule">
        <clipped>false</clipped>
      </learningRule>
      <id>Synapse_29</id>
      <strength>1.0</strength>
      <psr>0.0</psr>
      <increment>1.0</increment>
      <upperBound>10.0</upperBound>
      <lowerBound>-10.0</lowerBound>
      <delay>0</delay>
      <enabled>true</enabled>
      <frozen>false</frozen>
      <dlyPtr>0</dlyPtr>
      <dlyVal>0.0</dlyVal>
      <isTemplate>false</isTemplate>
    </org.simbrain.network.core.Synapse>
    <org.simbrain.network.core.Synapse>
      <parentNetwork reference="../../.."/>
      <source reference="../../org.simbrain.network.core.Synapse/source/parentGroup/neuronList/java.util.concurrent.CopyOnWriteArrayList/org.simbrain.network.core.Neuron[7]"/>
      <target reference="../../org.simbrain.network.core.Synapse/source/parentGroup/neuronList/java.util.concurrent.CopyOnWriteArrayList/org.simbrain.network.core.Neuron[3]"/>
      <learningRule class="org.simbrain.network.synapse_update_rules.StaticSynapseRule" reference="../../org.simbrain.network.core.Synapse/learningRule"/>
      <id>Synapse_30</id>
      <strength>1.0</strength>
      <psr>0.0</psr>
      <increment>1.0</increment>
      <upperBound>10.0</upperBound>
      <lowerBound>-10.0</lowerBound>
      <delay>0</delay>
      <enabled>true</enabled>
      <frozen>false</frozen>
      <dlyPtr>0</dlyPtr>
      <dlyVal>0.0</dlyVal>
      <isTemplate>false</isTemplate>
    </org.simbrain.network.core.Synapse>
  </synapseList>
  <groupList>
    <org.simbrain.network.groups.NeuronGroup>
      <parentNetwork reference="../../.."/>
      <id>Group_2</id>
      <label>Mechanoreceptors</label>
      <stateInfo></stateInfo>
      <markedForDeletion>false</markedForDeletion>
      <updateRule>Linear</updateRule>
      <isSpikingNeuronGroup>false</isSpikingNeuronGroup>
      <neuronList class="java.util.concurrent.CopyOnWriteArrayList" serialization="custom">
        <java.util.concurrent.CopyOnWriteArrayList>
          <default/>
          <int>9</int>
          <org.simbrain.network.core.Neuron>
            <updateRule class="org.simbrain.network.neuron_update_rules.LinearRule">
              <inputType>WEIGHTED</inputType>
              <increment>0.1</increment>
              <slope>1.0</slope>
              <bias>0.0</bias>
              <noiseGenerator>
                <pdf>UNIFORM</pdf>
                <param1>0.0</param1>
                <param2>1.0</param2>
                <upperBound>1.0</upperBound>
                <lowerBound>0.0</lowerBound>
                <clipping>false</clipping>
              </noiseGenerator>
              <addNoise>false</addNoise>
              <clipping>true</clipping>
              <upperBound>1.0</upperBound>
              <lowerBound>-1.0</lowerBound>
            </updateRule>
            <id>Neuron_61</id>
            <label></label>
            <activation>0.0</activation>
            <spike>false</spike>
            <buffer>0.0</buffer>
            <spkBuffer>false</spkBuffer>
            <inputValue>0.0</inputValue>
            <parent reference="../../../../../.."/>
            <x>46.23335197666527</x>
            <y>-437.75015813942815</y>
            <z>0.0</z>
            <clamped>false</clamped>
            <polarity>BOTH</polarity>
            <targetValue>0.0</targetValue>
            <lastActivation>0.0</lastActivation>
            <parentGroup class="org.simbrain.network.groups.NeuronGroup" reference="../../../.."/>
            <updatePriority>0</updatePriority>
            <auxValue>0.0</auxValue>
          </org.simbrain.network.core.Neuron>
          <org.simbrain.network.core.Neuron>
            <updateRule class="org.simbrain.network.neuron_update_rules.LinearRule">
              <inputType>WEIGHTED</inputType>
              <increment>0.1</increment>
              <slope>1.0</slope>
              <bias>0.0</bias>
              <noiseGenerator reference="../../../org.simbrain.network.core.Neuron/updateRule/noiseGenerator"/>
              <addNoise>false</addNoise>
              <clipping>true</clipping>
              <upperBound>1.0</upperBound>
              <lowerBound>-1.0</lowerBound>
            </updateRule>
            <id>Neuron_62</id>
            <label></label>
            <activation>0.0</activation>
            <spike>false</spike>
            <buffer>0.0</buffer>
            <spkBuffer>false</spkBuffer>
            <inputValue>0.0</inputValue>
            <parent reference="../../../../../.."/>
            <x>86.23335197666553</x>
            <y>-437.75015813942815</y>
            <z>0.0</z>
            <clamped>false</clamped>
            <polarity>BOTH</polarity>
            <targetValue>0.0</targetValue>
            <lastActivation>0.0</lastActivation>
            <parentGroup class="org.simbrain.network.groups.NeuronGroup" reference="../../../.."/>
            <updatePriority>0</updatePriority>
            <auxValue>0.0</auxValue>
          </org.simbrain.network.core.Neuron>
          <org.simbrain.network.core.Neuron>
            <updateRule class="org.simbrain.network.neuron_update_rules.LinearRule">
              <inputType>WEIGHTED</inputType>
              <increment>0.1</increment>
              <slope>1.0</slope>
              <bias>0.0</bias>
              <noiseGenerator reference="../../../org.simbrain.network.core.Neuron/updateRule/noiseGenerator"/>
              <addNoise>false</addNoise>
              <clipping>true</clipping>
              <upperBound>1.0</upperBound>
              <lowerBound>-1.0</lowerBound>
            </updateRule>
            <id>Neuron_63</id>
            <label></label>
            <activation>0.0</activation>
            <spike>false</spike>
            <buffer>0.0</buffer>
            <spkBuffer>false</spkBuffer>
            <inputValue>0.0</inputValue>
            <parent reference="../../../../../.."/>
            <x>126.23335197666617</x>
            <y>-437.75015813942815</y>
            <z>0.0</z>
            <clamped>false</clamped>
            <polarity>BOTH</polarity>
            <targetValue>0.0</targetValue>
            <lastActivation>0.0</lastActivation>
            <parentGroup class="org.simbrain.network.groups.NeuronGroup" reference="../../../.."/>
            <updatePriority>0</updatePriority>
            <auxValue>0.0</auxValue>
          </org.simbrain.network.core.Neuron>
          <org.simbrain.network.core.Neuron>
            <updateRule class="org.simbrain.network.neuron_update_rules.LinearRule">
              <inputType>WEIGHTED</inputType>
              <increment>0.1</increment>
              <slope>1.0</slope>
              <bias>0.0</bias>
              <noiseGenerator reference="../../../org.simbrain.network.core.Neuron/updateRule/noiseGenerator"/>
              <addNoise>false</addNoise>
              <clipping>true</clipping>
              <upperBound>1.0</upperBound>
              <lowerBound>-1.0</lowerBound>
            </updateRule>
            <id>Neuron_64</id>
            <label></label>
            <activation>1.0</activation>
            <spike>false</spike>
            <buffer>1.0</buffer>
            <spkBuffer>false</spkBuffer>
            <inputValue>0.0</inputValue>
            <parent reference="../../../../../.."/>
            <x>166.23335197666628</x>
            <y>-437.75015813942815</y>
            <z>0.0</z>
            <clamped>false</clamped>
            <polarity>BOTH</polarity>
            <targetValue>0.0</targetValue>
            <lastActivation>1.0</lastActivation>
            <parentGroup class="org.simbrain.network.groups.NeuronGroup" reference="../../../.."/>
            <updatePriority>0</updatePriority>
            <auxValue>0.0</auxValue>
          </org.simbrain.network.core.Neuron>
          <org.simbrain.network.core.Neuron>
            <updateRule class="org.simbrain.network.neuron_update_rules.LinearRule">
              <inputType>WEIGHTED</inputType>
              <increment>0.1</increment>
              <slope>1.0</slope>
              <bias>0.0</bias>
              <noiseGenerator reference="../../../org.simbrain.network.core.Neuron/updateRule/noiseGenerator"/>
              <addNoise>false</addNoise>
              <clipping>true</clipping>
              <upperBound>1.0</upperBound>
              <lowerBound>-1.0</lowerBound>
            </updateRule>
            <id>Neuron_65</id>
            <label></label>
            <activation>0.0</activation>
            <spike>false</spike>
            <buffer>0.0</buffer>
            <spkBuffer>false</spkBuffer>
            <inputValue>0.0</inputValue>
            <parent reference="../../../../../.."/>
            <x>206.2333519766657</x>
            <y>-437.75015813942815</y>
            <z>0.0</z>
            <clamped>false</clamped>
            <polarity>BOTH</polarity>
            <targetValue>0.0</targetValue>
            <lastActivation>0.0</lastActivation>
            <parentGroup class="org.simbrain.network.groups.NeuronGroup" reference="../../../.."/>
            <updatePriority>0</updatePriority>
            <auxValue>0.0</auxValue>
          </org.simbrain.network.core.Neuron>
          <org.simbrain.network.core.Neuron>
            <updateRule class="org.simbrain.network.neuron_update_rules.LinearRule">
              <inputType>WEIGHTED</inputType>
              <increment>0.1</increment>
              <slope>1.0</slope>
              <bias>0.0</bias>
              <noiseGenerator reference="../../../org.simbrain.network.core.Neuron/updateRule/noiseGenerator"/>
              <addNoise>false</addNoise>
              <clipping>true</clipping>
              <upperBound>1.0</upperBound>
              <lowerBound>-1.0</lowerBound>
            </updateRule>
            <id>Neuron_66</id>
            <label></label>
            <activation>0.0</activation>
            <spike>false</spike>
            <buffer>0.0</buffer>
            <spkBuffer>false</spkBuffer>
            <inputValue>0.0</inputValue>
            <parent reference="../../../../../.."/>
            <x>246.2333519766639</x>
            <y>-437.75015813942815</y>
            <z>0.0</z>
            <clamped>false</clamped>
            <polarity>BOTH</polarity>
            <targetValue>0.0</targetValue>
            <lastActivation>0.0</lastActivation>
            <parentGroup class="org.simbrain.network.groups.NeuronGroup" reference="../../../.."/>
            <updatePriority>0</updatePriority>
            <auxValue>0.0</auxValue>
          </org.simbrain.network.core.Neuron>
          <org.simbrain.network.core.Neuron>
            <updateRule class="org.simbrain.network.neuron_update_rules.LinearRule">
              <inputType>WEIGHTED</inputType>
              <increment>0.1</increment>
              <slope>1.0</slope>
              <bias>0.0</bias>
              <noiseGenerator reference="../../../org.simbrain.network.core.Neuron/updateRule/noiseGenerator"/>
              <addNoise>false</addNoise>
              <clipping>true</clipping>
              <upperBound>1.0</upperBound>
              <lowerBound>-1.0</lowerBound>
            </updateRule>
            <id>Neuron_67</id>
            <label></label>
            <activation>0.0</activation>
            <spike>false</spike>
            <buffer>0.0</buffer>
            <spkBuffer>false</spkBuffer>
            <inputValue>0.0</inputValue>
            <parent reference="../../../../../.."/>
            <x>286.2333519766646</x>
            <y>-437.75015813942815</y>
            <z>0.0</z>
            <clamped>false</clamped>
            <polarity>BOTH</polarity>
            <targetValue>0.0</targetValue>
            <lastActivation>0.0</lastActivation>
            <parentGroup class="org.simbrain.network.groups.NeuronGroup" reference="../../../.."/>
            <updatePriority>0</updatePriority>
            <auxValue>0.0</auxValue>
          </org.simbrain.network.core.Neuron>
          <org.simbrain.network.core.Neuron>
            <updateRule class="org.simbrain.network.neuron_update_rules.LinearRule">
              <inputType>WEIGHTED</inputType>
              <increment>0.1</increment>
              <slope>1.0</slope>
              <bias>0.0</bias>
              <noiseGenerator reference="../../../org.simbrain.network.core.Neuron/updateRule/noiseGenerator"/>
              <addNoise>false</addNoise>
              <clipping>true</clipping>
              <upperBound>1.0</upperBound>
              <lowerBound>-1.0</lowerBound>
            </updateRule>
            <id>Neuron_68</id>
            <label></label>
            <activation>0.0</activation>
            <spike>false</spike>
            <buffer>0.0</buffer>
            <spkBuffer>false</spkBuffer>
            <inputValue>0.0</inputValue>
            <parent reference="../../../../../.."/>
            <x>326.23335197666444</x>
            <y>-437.75015813942815</y>
            <z>0.0</z>
            <clamped>false</clamped>
            <polarity>BOTH</polarity>
            <targetValue>0.0</targetValue>
            <lastActivation>0.0</lastActivation>
            <parentGroup class="org.simbrain.network.groups.NeuronGroup" reference="../../../.."/>
            <updatePriority>0</updatePriority>
            <auxValue>0.0</auxValue>
          </org.simbrain.network.core.Neuron>
          <org.simbrain.network.core.Neuron>
            <updateRule class="org.simbrain.network.neuron_update_rules.LinearRule">
              <inputType>WEIGHTED</inputType>
              <increment>0.1</increment>
              <slope>1.0</slope>
              <bias>0.0</bias>
              <noiseGenerator reference="../../../org.simbrain.network.core.Neuron/updateRule/noiseGenerator"/>
              <addNoise>false</addNoise>
              <clipping>true</clipping>
              <upperBound>1.0</upperBound>
              <lowerBound>-1.0</lowerBound>
            </updateRule>
            <id>Neuron_69</id>
            <label></label>
            <activation>0.0</activation>
            <spike>false</spike>
            <buffer>0.0</buffer>
            <spkBuffer>false</spkBuffer>
            <inputValue>0.0</inputValue>
            <parent reference="../../../../../.."/>
            <x>366.23335197666444</x>
            <y>-437.75015813942815</y>
            <z>0.0</z>
            <clamped>false</clamped>
            <polarity>BOTH</polarity>
            <targetValue>0.0</targetValue>
            <lastActivation>0.0</lastActivation>
            <parentGroup class="org.simbrain.network.groups.NeuronGroup" reference="../../../.."/>
            <updatePriority>0</updatePriority>
            <auxValue>0.0</auxValue>
          </org.simbrain.network.core.Neuron>
        </java.util.concurrent.CopyOnWriteArrayList>
      </neuronList>
      <layout class="org.simbrain.network.layouts.LineLayout">
        <orientation>HORIZONTAL</orientation>
        <spacing>40.0</spacing>
        <initialX>0.0</initialX>
        <initialY>0.0</initialY>
      </layout>
      <incomingSgs/>
      <outgoingSgs/>
      <gridThreshold>10</gridThreshold>
      <betweenNeuronInterval>50</betweenNeuronInterval>
      <recordAsSpikes>false</recordAsSpikes>
      <recording>false</recording>
      <inputMode>false</inputMode>
      <inputIndex>0</inputIndex>
      <writeCounter>0</writeCounter>
      <subsamplingIndices>
        <int>20</int>
        <int>3</int>
        <int>22</int>
        <int>12</int>
        <int>8</int>
        <int>16</int>
        <int>4</int>
        <int>14</int>
        <int>21</int>
        <int>1</int>
        <int>7</int>
        <int>13</int>
        <int>11</int>
        <int>15</int>
        <int>18</int>
        <int>0</int>
        <int>10</int>
        <int>5</int>
        <int>6</int>
        <int>23</int>
        <int>2</int>
        <int>9</int>
        <int>24</int>
        <int>17</int>
        <int>19</int>
      </subsamplingIndices>
      <fileNum>0</fileNum>
    </org.simbrain.network.groups.NeuronGroup>
    <org.simbrain.network.groups.NeuronGroup reference="../../synapseList/org.simbrain.network.core.Synapse/source/parentGroup"/>
  </groupList>
  <textList/>
  <updateManager>
    <actionList>
      <org.simbrain.network.update__actions.BufferedUpdate>
        <network reference="../../../.."/>
      </org.simbrain.network.update__actions.BufferedUpdate>
      <org.simbrain.network.update__actions.UpdateGroup>
        <group class="org.simbrain.network.groups.NeuronGroup" reference="../../../../groupList/org.simbrain.network.groups.NeuronGroup"/>
      </org.simbrain.network.update__actions.UpdateGroup>
      <org.simbrain.network.update__actions.UpdateGroup>
        <group class="org.simbrain.network.groups.NeuronGroup" reference="../../../../synapseList/org.simbrain.network.core.Synapse/source/parentGroup"/>
      </org.simbrain.network.update__actions.UpdateGroup>
    </actionList>
    <network reference="../.."/>
  </updateManager>
  <time>96520.30000002275</time>
  <timeStep>1.0</timeStep>
  <timeType>DISCRETE</timeType>
  <prioritySortedNeuronList>
    <org.simbrain.network.core.Neuron reference="../../neuronList/org.simbrain.network.core.Neuron"/>
    <org.simbrain.network.core.Neuron reference="../../groupList/org.simbrain.network.groups.NeuronGroup/neuronList/java.util.concurrent.CopyOnWriteArrayList/org.simbrain.network.core.Neuron"/>
    <org.simbrain.network.core.Neuron reference="../../groupList/org.simbrain.network.groups.NeuronGroup/neuronList/java.util.concurrent.CopyOnWriteArrayList/org.simbrain.network.core.Neuron[2]"/>
    <org.simbrain.network.core.Neuron reference="../../groupList/org.simbrain.network.groups.NeuronGroup/neuronList/java.util.concurrent.CopyOnWriteArrayList/org.simbrain.network.core.Neuron[3]"/>
    <org.simbrain.network.core.Neuron reference="../../groupList/org.simbrain.network.groups.NeuronGroup/neuronList/java.util.concurrent.CopyOnWriteArrayList/org.simbrain.network.core.Neuron[4]"/>
    <org.simbrain.network.core.Neuron reference="../../groupList/org.simbrain.network.groups.NeuronGroup/neuronList/java.util.concurrent.CopyOnWriteArrayList/org.simbrain.network.core.Neuron[5]"/>
    <org.simbrain.network.core.Neuron reference="../../groupList/org.simbrain.network.groups.NeuronGroup/neuronList/java.util.concurrent.CopyOnWriteArrayList/org.simbrain.network.core.Neuron[6]"/>
    <org.simbrain.network.core.Neuron reference="../../groupList/org.simbrain.network.groups.NeuronGroup/neuronList/java.util.concurrent.CopyOnWriteArrayList/org.simbrain.network.core.Neuron[7]"/>
    <org.simbrain.network.core.Neuron reference="../../groupList/org.simbrain.network.groups.NeuronGroup/neuronList/java.util.concurrent.CopyOnWriteArrayList/org.simbrain.network.core.Neuron[8]"/>
    <org.simbrain.network.core.Neuron reference="../../groupList/org.simbrain.network.groups.NeuronGroup/neuronList/java.util.concurrent.CopyOnWriteArrayList/org.simbrain.network.core.Neuron[9]"/>
    <org.simbrain.network.core.Neuron reference="../../synapseList/org.simbrain.network.core.Synapse/source/parentGroup/neuronList/java.util.concurrent.CopyOnWriteArrayList/org.simbrain.network.core.Neuron"/>
    <org.simbrain.network.core.Neuron reference="../../synapseList/org.simbrain.network.core.Synapse/source/parentGroup/neuronList/java.util.concurrent.CopyOnWriteArrayList/org.simbrain.network.core.Neuron[2]"/>
    <org.simbrain.network.core.Neuron reference="../../synapseList/org.simbrain.network.core.Synapse/source/parentGroup/neuronList/java.util.concurrent.CopyOnWriteArrayList/org.simbrain.network.core.Neuron[3]"/>
    <org.simbrain.network.core.Neuron reference="../../synapseList/org.simbrain.network.core.Synapse/source/parentGroup/neuronList/java.util.concurrent.CopyOnWriteArrayList/org.simbrain.network.core.Neuron[4]"/>
    <org.simbrain.network.core.Neuron reference="../../synapseList/org.simbrain.network.core.Synapse/source/parentGroup/neuronList/java.util.concurrent.CopyOnWriteArrayList/org.simbrain.network.core.Neuron[5]"/>
    <org.simbrain.network.core.Neuron reference="../../synapseList/org.simbrain.network.core.Synapse/source"/>
    <org.simbrain.network.core.Neuron reference="../../synapseList/org.simbrain.network.core.Synapse/source/parentGroup/neuronList/java.util.concurrent.CopyOnWriteArrayList/org.simbrain.network.core.Neuron[7]"/>
    <org.simbrain.network.core.Neuron reference="../../synapseList/org.simbrain.network.core.Synapse/source/parentGroup/neuronList/java.util.concurrent.CopyOnWriteArrayList/org.simbrain.network.core.Neuron[8]"/>
  </prioritySortedNeuronList>
  <priorityComparator>
    <outer-class reference="../.."/>
  </priorityComparator>
  <neuronIdGenerator>
    <rootName>Neuron</rootName>
    <index>146</index>
  </neuronIdGenerator>
  <synapseIdGenerator>
    <rootName>Synapse</rootName>
    <index>32</index>
  </synapseIdGenerator>
  <groupIdGenerator>
    <rootName>Group</rootName>
    <index>8</index>
  </groupIdGenerator>
  <fireUpdates>true</fireUpdates>
  <name>Network2</name>
</org.simbrain.network.core.Network>