<Workspace>
  <archivedComponents>
    <Component>
      <className>org.simbrain.world.odorworld.OdorWorldComponent</className>
      <name>oneObject.xml</name>
      <uri>components/0_oneObject.xml.xml</uri>
      <id>0</id>
      <format>xml</format>
      <desktopComponent>
        <className>org.simbrain.world.odorworld.OdorWorldDesktopComponent</className>
        <uri>guis/0_oneObject.xml.xml</uri>
        <format>xml</format>
      </desktopComponent>
    </Component>
    <Component>
      <className>org.simbrain.network.NetworkComponent</className>
      <name>Network2</name>
      <uri>components/1_Network2.xml</uri>
      <id>1</id>
      <format>xml</format>
      <desktopComponent>
        <className>org.simbrain.network.desktop.NetworkDesktopComponent</className>
        <uri>guis/1_Network2.xml</uri>
        <format>xml</format>
      </desktopComponent>
    </Component>
  </archivedComponents>
  <archivedCouplings>
    <Coupling>
      <archivedProducer>
        <parentComponentRef>components/0_oneObject.xml.xml</parentComponentRef>
        <baseObjectKey>Agent_2:sensor:Sensor_38</baseObjectKey>
        <methodBaseName>getValue</methodBaseName>
        <dataType>double</dataType>
        <description>Agent_2:Tile (40,0):40x422</description>
      </archivedProducer>
      <archivedConsumer>
        <parentComponentRef>components/1_Network2.xml</parentComponentRef>
        <baseObjectKey>Neuron_61</baseObjectKey>
        <methodBaseName>setInputValue</methodBaseName>
        <dataType>double</dataType>
        <argumentDataTypes>
          <java-class>double</java-class>
        </argumentDataTypes>
        <description>Neuron_61:setInputValue</description>
      </archivedConsumer>
    </Coupling>
    <Coupling>
      <archivedProducer>
        <parentComponentRef>components/0_oneObject.xml.xml</parentComponentRef>
        <baseObjectKey>Agent_2:sensor:Sensor_39</baseObjectKey>
        <methodBaseName>getValue</methodBaseName>
        <dataType>double</dataType>
        <description>Agent_2:Tile (80,0):40x422</description>
      </archivedProducer>
      <archivedConsumer>
        <parentComponentRef>components/1_Network2.xml</parentComponentRef>
        <baseObjectKey>Neuron_62</baseObjectKey>
        <methodBaseName>setInputValue</methodBaseName>
        <dataType>double</dataType>
        <argumentDataTypes>
          <java-class>double</java-class>
        </argumentDataTypes>
        <description>Neuron_62:setInputValue</description>
      </archivedConsumer>
    </Coupling>
    <Coupling>
      <archivedProducer>
        <parentComponentRef>components/0_oneObject.xml.xml</parentComponentRef>
        <baseObjectKey>Agent_2:sensor:Sensor_40</baseObjectKey>
        <methodBaseName>getValue</methodBaseName>
        <dataType>double</dataType>
        <description>Agent_2:Tile (120,0):40x422</description>
      </archivedProducer>
      <archivedConsumer>
        <parentComponentRef>components/1_Network2.xml</parentComponentRef>
        <baseObjectKey>Neuron_63</baseObjectKey>
        <methodBaseName>setInputValue</methodBaseName>
        <dataType>double</dataType>
        <argumentDataTypes>
          <java-class>double</java-class>
        </argumentDataTypes>
        <description>Neuron_63:setInputValue</description>
      </archivedConsumer>
    </Coupling>
    <Coupling>
      <archivedProducer>
        <parentComponentRef>components/0_oneObject.xml.xml</parentComponentRef>
        <baseObjectKey>Agent_2:sensor:Sensor_41</baseObjectKey>
        <methodBaseName>getValue</methodBaseName>
        <dataType>double</dataType>
        <description>Agent_2:Tile (160,0):40x422</description>
      </archivedProducer>
      <archivedConsumer>
        <parentComponentRef>components/1_Network2.xml</parentComponentRef>
        <baseObjectKey>Neuron_64</baseObjectKey>
        <methodBaseName>setInputValue</methodBaseName>
        <dataType>double</dataType>
        <argumentDataTypes>
          <java-class>double</java-class>
        </argumentDataTypes>
        <description>Neuron_64:setInputValue</description>
      </archivedConsumer>
    </Coupling>
    <Coupling>
      <archivedProducer>
        <parentComponentRef>components/0_oneObject.xml.xml</parentComponentRef>
        <baseObjectKey>Agent_2:sensor:Sensor_42</baseObjectKey>
        <methodBaseName>getValue</methodBaseName>
        <dataType>double</dataType>
        <description>Agent_2:Occluder</description>
      </archivedProducer>
      <archivedConsumer>
        <parentComponentRef>components/1_Network2.xml</parentComponentRef>
        <baseObjectKey>Neuron_65</baseObjectKey>
        <methodBaseName>setInputValue</methodBaseName>
        <dataType>double</dataType>
        <argumentDataTypes>
          <java-class>double</java-class>
        </argumentDataTypes>
        <description>Neuron_65:setInputValue</description>
      </archivedConsumer>
    </Coupling>
    <Coupling>
      <archivedProducer>
        <parentComponentRef>components/0_oneObject.xml.xml</parentComponentRef>
        <baseObjectKey>Agent_2:sensor:Sensor_43</baseObjectKey>
        <methodBaseName>getValue</methodBaseName>
        <dataType>double</dataType>
        <description>Agent_2:Tile (360,0):40x422</description>
      </archivedProducer>
      <archivedConsumer>
        <parentComponentRef>components/1_Network2.xml</parentComponentRef>
        <baseObjectKey>Neuron_66</baseObjectKey>
        <methodBaseName>setInputValue</methodBaseName>
        <dataType>double</dataType>
        <argumentDataTypes>
          <java-class>double</java-class>
        </argumentDataTypes>
        <description>Neuron_66:setInputValue</description>
      </archivedConsumer>
    </Coupling>
    <Coupling>
      <archivedProducer>
        <parentComponentRef>components/0_oneObject.xml.xml</parentComponentRef>
        <baseObjectKey>Agent_2:sensor:Sensor_44</baseObjectKey>
        <methodBaseName>getValue</methodBaseName>
        <dataType>double</dataType>
        <description>Agent_2:Tile (400,0):40x422</description>
      </archivedProducer>
      <archivedConsumer>
        <parentComponentRef>components/1_Network2.xml</parentComponentRef>
        <baseObjectKey>Neuron_67</baseObjectKey>
        <methodBaseName>setInputValue</methodBaseName>
        <dataType>double</dataType>
        <argumentDataTypes>
          <java-class>double</java-class>
        </argumentDataTypes>
        <description>Neuron_67:setInputValue</description>
      </archivedConsumer>
    </Coupling>
    <Coupling>
      <archivedProducer>
        <parentComponentRef>components/0_oneObject.xml.xml</parentComponentRef>
        <baseObjectKey>Agent_2:sensor:Sensor_45</baseObjectKey>
        <methodBaseName>getValue</methodBaseName>
        <dataType>double</dataType>
        <description>Agent_2:Tile (440,0):40x422</description>
      </archivedProducer>
      <archivedConsumer>
        <parentComponentRef>components/1_Network2.xml</parentComponentRef>
        <baseObjectKey>Neuron_68</baseObjectKey>
        <methodBaseName>setInputValue</methodBaseName>
        <dataType>double</dataType>
        <argumentDataTypes>
          <java-class>double</java-class>
        </argumentDataTypes>
        <description>Neuron_68:setInputValue</description>
      </archivedConsumer>
    </Coupling>
    <Coupling>
      <archivedProducer>
        <parentComponentRef>components/0_oneObject.xml.xml</parentComponentRef>
        <baseObjectKey>Agent_2:sensor:Sensor_46</baseObjectKey>
        <methodBaseName>getValue</methodBaseName>
        <dataType>double</dataType>
        <description>Agent_2:Tile (480,0):40x422</description>
      </archivedProducer>
      <archivedConsumer>
        <parentComponentRef>components/1_Network2.xml</parentComponentRef>
        <baseObjectKey>Neuron_69</baseObjectKey>
        <methodBaseName>setInputValue</methodBaseName>
        <dataType>double</dataType>
        <argumentDataTypes>
          <java-class>double</java-class>
        </argumentDataTypes>
        <description>Neuron_69:setInputValue</description>
      </archivedConsumer>
    </Coupling>
    <Coupling>
      <archivedProducer>
        <parentComponentRef>components/1_Network2.xml</parentComponentRef>
        <baseObjectKey>Neuron_137</baseObjectKey>
        <methodBaseName>getActivation</methodBaseName>
        <dataType>double</dataType>
        <description>Neuron_137:getActivation</description>
      </archivedProducer>
      <archivedConsumer>
        <parentComponentRef>components/0_oneObject.xml.xml</parentComponentRef>
        <baseObjectKey>Agent_2:effector:Effector_1</baseObjectKey>
        <methodBaseName>setAmount</methodBaseName>
        <dataType>double</dataType>
        <argumentDataTypes>
          <java-class>double</java-class>
        </argumentDataTypes>
        <description>Agent_2:goStraight</description>
      </archivedConsumer>
    </Coupling>
    <Coupling>
      <archivedProducer>
        <parentComponentRef>components/0_oneObject.xml.xml</parentComponentRef>
        <baseObjectKey>Agent_2:sensor:Sensor_2</baseObjectKey>
        <methodBaseName>getCurrentValue</methodBaseName>
        <dataType>double</dataType>
        <argumentDataTypes>
          <java-class>int</java-class>
        </argumentDataTypes>
        <argumentValues>
          <int>0</int>
        </argumentValues>
        <description>Agent_2:Smell-Center-1</description>
      </archivedProducer>
      <archivedConsumer>
        <parentComponentRef>components/1_Network2.xml</parentComponentRef>
        <baseObjectKey>Neuron_142</baseObjectKey>
        <methodBaseName>setInputValue</methodBaseName>
        <dataType>double</dataType>
        <argumentDataTypes>
          <java-class>double</java-class>
        </argumentDataTypes>
        <description>Neuron_142:setInputValue</description>
      </archivedConsumer>
    </Coupling>
    <Coupling>
      <archivedProducer>
        <parentComponentRef>components/0_oneObject.xml.xml</parentComponentRef>
        <baseObjectKey>Agent_2:sensor:Sensor_2</baseObjectKey>
        <methodBaseName>getCurrentValue</methodBaseName>
        <dataType>double</dataType>
        <argumentDataTypes>
          <java-class>int</java-class>
        </argumentDataTypes>
        <argumentValues>
          <int>1</int>
        </argumentValues>
        <description>Agent_2:Smell-Center-2</description>
      </archivedProducer>
      <archivedConsumer>
        <parentComponentRef>components/1_Network2.xml</parentComponentRef>
        <baseObjectKey>Neuron_143</baseObjectKey>
        <methodBaseName>setInputValue</methodBaseName>
        <dataType>double</dataType>
        <argumentDataTypes>
          <java-class>double</java-class>
        </argumentDataTypes>
        <description>Neuron_143:setInputValue</description>
      </archivedConsumer>
    </Coupling>
    <Coupling>
      <archivedProducer>
        <parentComponentRef>components/1_Network2.xml</parentComponentRef>
        <baseObjectKey>Neuron_138</baseObjectKey>
        <methodBaseName>getActivation</methodBaseName>
        <dataType>double</dataType>
        <description>Neuron_138:getActivation</description>
      </archivedProducer>
      <archivedConsumer>
        <parentComponentRef>components/0_oneObject.xml.xml</parentComponentRef>
        <baseObjectKey>Entity_8</baseObjectKey>
        <methodBaseName>moveEast</methodBaseName>
        <dataType>double</dataType>
        <argumentDataTypes>
          <java-class>double</java-class>
        </argumentDataTypes>
        <description>Agent_2:goEast</description>
      </archivedConsumer>
    </Coupling>
    <Coupling>
      <archivedProducer>
        <parentComponentRef>components/1_Network2.xml</parentComponentRef>
        <baseObjectKey>Neuron_139</baseObjectKey>
        <methodBaseName>getActivation</methodBaseName>
        <dataType>double</dataType>
        <description>Neuron_139:getActivation</description>
      </archivedProducer>
      <archivedConsumer>
        <parentComponentRef>components/0_oneObject.xml.xml</parentComponentRef>
        <baseObjectKey>Entity_8</baseObjectKey>
        <methodBaseName>moveWest</methodBaseName>
        <dataType>double</dataType>
        <argumentDataTypes>
          <java-class>double</java-class>
        </argumentDataTypes>
        <description>Agent_2:goWest</description>
      </archivedConsumer>
    </Coupling>
  </archivedCouplings>
  <archivedActions>
    <UpdateAction>
      <updateAction class="org.simbrain.workspace.updater.UpdateAllBuffered"/>
    </UpdateAction>
  </archivedActions>
  <workspaceParameters>
    <savedTime>219287</savedTime>
    <updateDelay>0</updateDelay>
  </workspaceParameters>
</Workspace>