<org.simbrain.world.odorworld.OdorWorld>
  <entityList>
    <org.simbrain.world.odorworld.entities.BasicEntity>
      <animation>
        <imageNames>
          <string>static/Candle.png</string>
        </imageNames>
        <animTime>0</animTime>
        <totalDuration>1</totalDuration>
        <frameDuration>1</frameDuration>
      </animation>
      <name>Entity_4</name>
      <id>Entity_4</id>
      <x>527.0</x>
      <y>160.0</y>
      <dx>0.0</dx>
      <dy>0.0</dy>
      <parentWorld reference="../../.."/>
      <sensors/>
      <effectors/>
      <behavior class="org.simbrain.world.odorworld.behaviors.StationaryBehavior"/>
      <smellSource>
        <stimulusVector>
          <double>0.0</double>
          <double>1.0</double>
        </stimulusVector>
        <returnVector reference="../stimulusVector"/>
        <location>
          <double>304.0</double>
          <double>87.0</double>
        </location>
        <decayFunction>STEP</decayFunction>
        <stimulusDispersion>20.0</stimulusDispersion>
        <peak>15.0</peak>
        <addNoise>false</addNoise>
        <initNoise>0.3</initNoise>
        <noiseLevel>0.3</noiseLevel>
      </smellSource>
      <collision>false</collision>
      <sensorsEnabled>true</sensorsEnabled>
      <effectorsEnabled>true</effectorsEnabled>
      <showSensors>true</showSensors>
      <sensorIDGenerator>
        <rootName>Sensor</rootName>
        <index>1</index>
      </sensorIDGenerator>
      <effectorIDGenerator>
        <rootName>Effector</rootName>
        <index>1</index>
      </effectorIDGenerator>
      <currentlyHeardPhrases/>
    </org.simbrain.world.odorworld.entities.BasicEntity>
    <org.simbrain.world.odorworld.entities.RotatingEntity>
      <animation>
        <imageNames>
          <string>rotating/mouse/Mouse_0.gif</string>
        </imageNames>
        <animTime>0</animTime>
        <totalDuration>1</totalDuration>
        <frameDuration>1</frameDuration>
      </animation>
      <name>Agent_2</name>
      <id>Entity_8</id>
      <x>40.0</x>
      <y>159.0</y>
      <dx>0.0</dx>
      <dy>0.0</dy>
      <parentWorld reference="../../.."/>
      <sensors>
        <org.simbrain.world.odorworld.sensors.SmellSensor>
          <parent class="org.simbrain.world.odorworld.entities.RotatingEntity" reference="../../.."/>
          <id>Sensor_2</id>
          <label>Smell-Center</label>
          <theta>0.0</theta>
          <radius>25.0</radius>
          <currentValue>
            <double>0.0</double>
            <double>0.0</double>
            <double>0.0</double>
            <double>0.0</double>
            <double>0.0</double>
            <double>0.0</double>
          </currentValue>
        </org.simbrain.world.odorworld.sensors.SmellSensor>
        <org.simbrain.world.odorworld.sensors.TileSensor>
          <parent class="org.simbrain.world.odorworld.entities.RotatingEntity" reference="../../.."/>
          <id>Sensor_37</id>
          <label>Deflector left</label>
          <value>0.0</value>
          <activationAmount>1.0</activationAmount>
          <x>0</x>
          <y>0</y>
          <width>40</width>
          <height>422</height>
        </org.simbrain.world.odorworld.sensors.TileSensor>
        <org.simbrain.world.odorworld.sensors.TileSensor>
          <parent class="org.simbrain.world.odorworld.entities.RotatingEntity" reference="../../.."/>
          <id>Sensor_38</id>
          <label>Tile (40,0):40x422</label>
          <value>0.0</value>
          <activationAmount>1.0</activationAmount>
          <x>40</x>
          <y>0</y>
          <width>40</width>
          <height>422</height>
        </org.simbrain.world.odorworld.sensors.TileSensor>
        <org.simbrain.world.odorworld.sensors.TileSensor>
          <parent class="org.simbrain.world.odorworld.entities.RotatingEntity" reference="../../.."/>
          <id>Sensor_39</id>
          <label>Tile (80,0):40x422</label>
          <value>0.0</value>
          <activationAmount>1.0</activationAmount>
          <x>80</x>
          <y>0</y>
          <width>40</width>
          <height>422</height>
        </org.simbrain.world.odorworld.sensors.TileSensor>
        <org.simbrain.world.odorworld.sensors.TileSensor>
          <parent class="org.simbrain.world.odorworld.entities.RotatingEntity" reference="../../.."/>
          <id>Sensor_40</id>
          <label>Tile (120,0):40x422</label>
          <value>0.0</value>
          <activationAmount>1.0</activationAmount>
          <x>120</x>
          <y>0</y>
          <width>40</width>
          <height>422</height>
        </org.simbrain.world.odorworld.sensors.TileSensor>
        <org.simbrain.world.odorworld.sensors.TileSensor>
          <parent class="org.simbrain.world.odorworld.entities.RotatingEntity" reference="../../.."/>
          <id>Sensor_41</id>
          <label>Tile (160,0):40x422</label>
          <value>0.0</value>
          <activationAmount>1.0</activationAmount>
          <x>160</x>
          <y>0</y>
          <width>40</width>
          <height>422</height>
        </org.simbrain.world.odorworld.sensors.TileSensor>
        <org.simbrain.world.odorworld.sensors.TileSensor>
          <parent class="org.simbrain.world.odorworld.entities.RotatingEntity" reference="../../.."/>
          <id>Sensor_42</id>
          <label>Occluder</label>
          <value>0.0</value>
          <activationAmount>0.0</activationAmount>
          <x>200</x>
          <y>0</y>
          <width>160</width>
          <height>422</height>
        </org.simbrain.world.odorworld.sensors.TileSensor>
        <org.simbrain.world.odorworld.sensors.TileSensor>
          <parent class="org.simbrain.world.odorworld.entities.RotatingEntity" reference="../../.."/>
          <id>Sensor_43</id>
          <label>Tile (360,0):40x422</label>
          <value>0.0</value>
          <activationAmount>1.0</activationAmount>
          <x>360</x>
          <y>0</y>
          <width>40</width>
          <height>422</height>
        </org.simbrain.world.odorworld.sensors.TileSensor>
        <org.simbrain.world.odorworld.sensors.TileSensor>
          <parent class="org.simbrain.world.odorworld.entities.RotatingEntity" reference="../../.."/>
          <id>Sensor_44</id>
          <label>Tile (400,0):40x422</label>
          <value>0.0</value>
          <activationAmount>1.0</activationAmount>
          <x>400</x>
          <y>0</y>
          <width>40</width>
          <height>422</height>
        </org.simbrain.world.odorworld.sensors.TileSensor>
        <org.simbrain.world.odorworld.sensors.TileSensor>
          <parent class="org.simbrain.world.odorworld.entities.RotatingEntity" reference="../../.."/>
          <id>Sensor_45</id>
          <label>Tile (440,0):40x422</label>
          <value>0.0</value>
          <activationAmount>1.0</activationAmount>
          <x>440</x>
          <y>0</y>
          <width>40</width>
          <height>422</height>
        </org.simbrain.world.odorworld.sensors.TileSensor>
        <org.simbrain.world.odorworld.sensors.TileSensor>
          <parent class="org.simbrain.world.odorworld.entities.RotatingEntity" reference="../../.."/>
          <id>Sensor_46</id>
          <label>Tile (480,0):40x422</label>
          <value>0.0</value>
          <activationAmount>1.0</activationAmount>
          <x>480</x>
          <y>0</y>
          <width>40</width>
          <height>422</height>
        </org.simbrain.world.odorworld.sensors.TileSensor>
        <org.simbrain.world.odorworld.sensors.TileSensor>
          <parent class="org.simbrain.world.odorworld.entities.RotatingEntity" reference="../../.."/>
          <id>Sensor_47</id>
          <label>Deflector right</label>
          <value>0.0</value>
          <activationAmount>1.0</activationAmount>
          <x>520</x>
          <y>0</y>
          <width>40</width>
          <height>422</height>
        </org.simbrain.world.odorworld.sensors.TileSensor>
      </sensors>
      <effectors>
        <org.simbrain.world.odorworld.effectors.StraightMovement>
          <parent class="org.simbrain.world.odorworld.entities.RotatingEntity" reference="../../.."/>
          <id>Effector_1</id>
          <label>Go-straight</label>
          <amount>0.0</amount>
          <scalingFactor>1.0</scalingFactor>
        </org.simbrain.world.odorworld.effectors.StraightMovement>
        <org.simbrain.world.odorworld.effectors.Turning>
          <parent class="org.simbrain.world.odorworld.entities.RotatingEntity" reference="../../.."/>
          <id>Effector_2</id>
          <label>Go-left</label>
          <direction>1.0</direction>
          <amount>0.0</amount>
        </org.simbrain.world.odorworld.effectors.Turning>
        <org.simbrain.world.odorworld.effectors.Turning>
          <parent class="org.simbrain.world.odorworld.entities.RotatingEntity" reference="../../.."/>
          <id>Effector_3</id>
          <label>Go-right</label>
          <direction>-1.0</direction>
          <amount>0.0</amount>
        </org.simbrain.world.odorworld.effectors.Turning>
      </effectors>
      <behavior class="org.simbrain.world.odorworld.behaviors.StationaryBehavior"/>
      <collision>false</collision>
      <sensorsEnabled>true</sensorsEnabled>
      <effectorsEnabled>true</effectorsEnabled>
      <showSensors>true</showSensors>
      <sensorIDGenerator>
        <rootName>Sensor</rootName>
        <index>48</index>
      </sensorIDGenerator>
      <effectorIDGenerator>
        <rootName>Effector</rootName>
        <index>4</index>
      </effectorIDGenerator>
      <currentlyHeardPhrases/>
      <heading>0.0</heading>
      <manualMotionTurnIncrement>4.0</manualMotionTurnIncrement>
      <manualStraightMovementIncrement>4.0</manualStraightMovementIncrement>
      <entityType>Mouse</entityType>
    </org.simbrain.world.odorworld.entities.RotatingEntity>
    <org.simbrain.world.odorworld.entities.BasicEntity>
      <animation>
        <imageNames>
          <string>static/Candle.png</string>
        </imageNames>
        <animTime>0</animTime>
        <totalDuration>1</totalDuration>
        <frameDuration>1</frameDuration>
      </animation>
      <name>Entity_9</name>
      <id>Entity_9</id>
      <x>0.0</x>
      <y>158.0</y>
      <dx>0.0</dx>
      <dy>0.0</dy>
      <parentWorld reference="../../.."/>
      <sensors/>
      <effectors/>
      <behavior class="org.simbrain.world.odorworld.behaviors.StationaryBehavior"/>
      <smellSource>
        <stimulusVector>
          <double>1.0</double>
          <double>0.0</double>
          <double>0.0</double>
          <double>0.0</double>
        </stimulusVector>
        <returnVector reference="../stimulusVector"/>
        <location>
          <double>237.0</double>
          <double>78.0</double>
        </location>
        <decayFunction>STEP</decayFunction>
        <stimulusDispersion>20.0</stimulusDispersion>
        <peak>15.0</peak>
        <addNoise>false</addNoise>
        <initNoise>0.3</initNoise>
        <noiseLevel>0.3</noiseLevel>
      </smellSource>
      <collision>false</collision>
      <sensorsEnabled>true</sensorsEnabled>
      <effectorsEnabled>true</effectorsEnabled>
      <showSensors>true</showSensors>
      <sensorIDGenerator>
        <rootName>Sensor</rootName>
        <index>1</index>
      </sensorIDGenerator>
      <effectorIDGenerator>
        <rootName>Effector</rootName>
        <index>1</index>
      </effectorIDGenerator>
      <currentlyHeardPhrases/>
    </org.simbrain.world.odorworld.entities.BasicEntity>
    <org.simbrain.world.odorworld.entities.BasicEntity>
      <animation>
        <imageNames>
          <string>static/Poison.gif</string>
        </imageNames>
        <animTime>0</animTime>
        <totalDuration>1</totalDuration>
        <frameDuration>1</frameDuration>
      </animation>
      <name>Entity_13</name>
      <id>Entity_13</id>
      <x>272.0</x>
      <y>157.0</y>
      <dx>0.0</dx>
      <dy>0.0</dy>
      <parentWorld reference="../../.."/>
      <sensors/>
      <effectors/>
      <behavior class="org.simbrain.world.odorworld.behaviors.StationaryBehavior"/>
      <smellSource>
        <stimulusVector>
          <double>1.0</double>
          <double>1.0</double>
        </stimulusVector>
        <returnVector reference="../stimulusVector"/>
        <location>
          <double>220.0</double>
          <double>106.0</double>
        </location>
        <decayFunction>STEP</decayFunction>
        <stimulusDispersion>20.0</stimulusDispersion>
        <peak>10.0</peak>
        <addNoise>false</addNoise>
        <initNoise>0.3</initNoise>
        <noiseLevel>0.3</noiseLevel>
      </smellSource>
      <collision>false</collision>
      <sensorsEnabled>true</sensorsEnabled>
      <effectorsEnabled>true</effectorsEnabled>
      <showSensors>true</showSensors>
      <sensorIDGenerator>
        <rootName>Sensor</rootName>
        <index>1</index>
      </sensorIDGenerator>
      <effectorIDGenerator>
        <rootName>Effector</rootName>
        <index>1</index>
      </effectorIDGenerator>
      <currentlyHeardPhrases/>
    </org.simbrain.world.odorworld.entities.BasicEntity>
    <org.simbrain.world.odorworld.entities.RotatingEntity>
      <animation>
        <imageNames>
          <string>rotating/mouse/Mouse_0.gif</string>
        </imageNames>
        <animTime>0</animTime>
        <totalDuration>1</totalDuration>
        <frameDuration>1</frameDuration>
      </animation>
      <name>Agent_6</name>
      <id>Entity_19</id>
      <x>301.0</x>
      <y>157.0</y>
      <dx>0.0</dx>
      <dy>0.0</dy>
      <parentWorld reference="../../.."/>
      <sensors>
        <org.simbrain.world.odorworld.sensors.SmellSensor>
          <parent class="org.simbrain.world.odorworld.entities.RotatingEntity" reference="../../.."/>
          <id>Sensor_2</id>
          <label>Smell-Center</label>
          <theta>0.0</theta>
          <radius>25.0</radius>
          <currentValue>
            <double>0.0</double>
            <double>0.0</double>
            <double>0.0</double>
            <double>0.0</double>
            <double>0.0</double>
            <double>0.0</double>
            <double>0.0</double>
          </currentValue>
        </org.simbrain.world.odorworld.sensors.SmellSensor>
      </sensors>
      <effectors>
        <org.simbrain.world.odorworld.effectors.StraightMovement>
          <parent class="org.simbrain.world.odorworld.entities.RotatingEntity" reference="../../.."/>
          <id>Effector_1</id>
          <label>Go-straight</label>
          <amount>0.0</amount>
          <scalingFactor>1.0</scalingFactor>
        </org.simbrain.world.odorworld.effectors.StraightMovement>
        <org.simbrain.world.odorworld.effectors.Turning>
          <parent class="org.simbrain.world.odorworld.entities.RotatingEntity" reference="../../.."/>
          <id>Effector_2</id>
          <label>Go-left</label>
          <direction>1.0</direction>
          <amount>0.0</amount>
        </org.simbrain.world.odorworld.effectors.Turning>
        <org.simbrain.world.odorworld.effectors.Turning>
          <parent class="org.simbrain.world.odorworld.entities.RotatingEntity" reference="../../.."/>
          <id>Effector_3</id>
          <label>Go-right</label>
          <direction>-1.0</direction>
          <amount>0.0</amount>
        </org.simbrain.world.odorworld.effectors.Turning>
      </effectors>
      <behavior class="org.simbrain.world.odorworld.behaviors.StationaryBehavior"/>
      <collision>false</collision>
      <sensorsEnabled>true</sensorsEnabled>
      <effectorsEnabled>true</effectorsEnabled>
      <showSensors>true</showSensors>
      <sensorIDGenerator>
        <rootName>Sensor</rootName>
        <index>4</index>
      </sensorIDGenerator>
      <effectorIDGenerator>
        <rootName>Effector</rootName>
        <index>4</index>
      </effectorIDGenerator>
      <currentlyHeardPhrases/>
      <heading>0.0</heading>
      <manualMotionTurnIncrement>4.0</manualMotionTurnIncrement>
      <manualStraightMovementIncrement>4.0</manualStraightMovementIncrement>
      <entityType>Mouse</entityType>
    </org.simbrain.world.odorworld.entities.RotatingEntity>
  </entityList>
  <totalSmellVectorLength>3.414213562373095</totalSmellVectorLength>
  <wrapAround>false</wrapAround>
  <objectsBlockMovement>false</objectsBlockMovement>
  <height>422</height>
  <width>559</width>
  <entityIDGenerator>
    <rootName>Entity</rootName>
    <index>20</index>
  </entityIDGenerator>
  <agentNameGenerator>
    <rootName>Agent</rootName>
    <index>7</index>
  </agentNameGenerator>
</org.simbrain.world.odorworld.OdorWorld>