<org.simbrain.network.core.Network>
  <neuronList/>
  <synapseList class="linked-hash-set"/>
  <groupList>
    <org.simbrain.network.subnetworks.BackpropNetwork>
      <parentNetwork reference="../../.."/>
      <id>Group_1</id>
      <label>Backprop</label>
      <stateInfo></stateInfo>
      <markedForDeletion>false</markedForDeletion>
      <neuronGroupList class="java.util.concurrent.CopyOnWriteArrayList" serialization="custom">
        <java.util.concurrent.CopyOnWriteArrayList>
          <default/>
          <int>4</int>
          <org.simbrain.network.groups.NeuronGroup>
            <parentNetwork reference="../../../../../.."/>
            <id>Group_2</id>
            <label>Layer 1</label>
            <stateInfo></stateInfo>
            <markedForDeletion>false</markedForDeletion>
            <parentGroup class="org.simbrain.network.subnetworks.BackpropNetwork" reference="../../../.."/>
            <updateRule>Linear</updateRule>
            <isSpikingNeuronGroup>false</isSpikingNeuronGroup>
            <neuronList class="java.util.concurrent.CopyOnWriteArrayList" serialization="custom">
              <java.util.concurrent.CopyOnWriteArrayList>
                <default/>
                <int>3</int>
                <org.simbrain.network.core.Neuron>
                  <updateRule class="org.simbrain.network.neuron_update_rules.LinearRule">
                    <inputType>WEIGHTED</inputType>
                    <increment>0.1</increment>
                    <slope>1.0</slope>
                    <bias>0.0</bias>
                    <noiseGenerator>
                      <pdf>UNIFORM</pdf>
                      <param1>0.0</param1>
                      <param2>1.0</param2>
                      <upperBound>1.0</upperBound>
                      <lowerBound>0.0</lowerBound>
                      <clipping>false</clipping>
                    </noiseGenerator>
                    <addNoise>false</addNoise>
                    <clipping>true</clipping>
                    <upperBound>1.0</upperBound>
                    <lowerBound>-1.0</lowerBound>
                  </updateRule>
                  <id>Neuron_1</id>
                  <label></label>
                  <activation>0.29017857142857145</activation>
                  <spike>false</spike>
                  <buffer>0.0</buffer>
                  <spkBuffer>false</spkBuffer>
                  <inputValue>0.0</inputValue>
                  <parent reference="../../../../../../../../.."/>
                  <x>0.0</x>
                  <y>0.0</y>
                  <z>0.0</z>
                  <clamped>true</clamped>
                  <polarity>BOTH</polarity>
                  <targetValue>0.0</targetValue>
                  <lastActivation>1.0</lastActivation>
                  <parentGroup class="org.simbrain.network.groups.NeuronGroup" reference="../../../.."/>
                  <updatePriority>0</updatePriority>
                  <auxValue>0.0</auxValue>
                </org.simbrain.network.core.Neuron>
                <org.simbrain.network.core.Neuron>
                  <updateRule class="org.simbrain.network.neuron_update_rules.LinearRule">
                    <inputType>WEIGHTED</inputType>
                    <increment>0.1</increment>
                    <slope>1.0</slope>
                    <bias>0.0</bias>
                    <noiseGenerator>
                      <pdf>UNIFORM</pdf>
                      <param1>0.0</param1>
                      <param2>1.0</param2>
                      <upperBound>1.0</upperBound>
                      <lowerBound>0.0</lowerBound>
                      <clipping>false</clipping>
                    </noiseGenerator>
                    <addNoise>false</addNoise>
                    <clipping>true</clipping>
                    <upperBound>1.0</upperBound>
                    <lowerBound>-1.0</lowerBound>
                  </updateRule>
                  <id>Neuron_2</id>
                  <label></label>
                  <activation>0.7</activation>
                  <spike>false</spike>
                  <buffer>0.0</buffer>
                  <spkBuffer>false</spkBuffer>
                  <inputValue>0.0</inputValue>
                  <parent reference="../../../../../../../../.."/>
                  <x>50.0</x>
                  <y>0.0</y>
                  <z>0.0</z>
                  <clamped>true</clamped>
                  <polarity>BOTH</polarity>
                  <targetValue>0.0</targetValue>
                  <lastActivation>0.7</lastActivation>
                  <parentGroup class="org.simbrain.network.groups.NeuronGroup" reference="../../../.."/>
                  <updatePriority>0</updatePriority>
                  <auxValue>0.0</auxValue>
                </org.simbrain.network.core.Neuron>
                <org.simbrain.network.core.Neuron>
                  <updateRule class="org.simbrain.network.neuron_update_rules.LinearRule">
                    <inputType>WEIGHTED</inputType>
                    <increment>0.1</increment>
                    <slope>1.0</slope>
                    <bias>0.0</bias>
                    <noiseGenerator>
                      <pdf>UNIFORM</pdf>
                      <param1>0.0</param1>
                      <param2>1.0</param2>
                      <upperBound>1.0</upperBound>
                      <lowerBound>0.0</lowerBound>
                      <clipping>false</clipping>
                    </noiseGenerator>
                    <addNoise>false</addNoise>
                    <clipping>true</clipping>
                    <upperBound>1.0</upperBound>
                    <lowerBound>-1.0</lowerBound>
                  </updateRule>
                  <id>Neuron_3</id>
                  <label></label>
                  <activation>0.02</activation>
                  <spike>false</spike>
                  <buffer>0.0</buffer>
                  <spkBuffer>false</spkBuffer>
                  <inputValue>0.0</inputValue>
                  <parent reference="../../../../../../../../.."/>
                  <x>100.0</x>
                  <y>0.0</y>
                  <z>0.0</z>
                  <clamped>true</clamped>
                  <polarity>BOTH</polarity>
                  <targetValue>0.0</targetValue>
                  <lastActivation>0.02</lastActivation>
                  <parentGroup class="org.simbrain.network.groups.NeuronGroup" reference="../../../.."/>
                  <updatePriority>0</updatePriority>
                  <auxValue>0.0</auxValue>
                </org.simbrain.network.core.Neuron>
              </java.util.concurrent.CopyOnWriteArrayList>
            </neuronList>
            <layout class="org.simbrain.network.layouts.LineLayout">
              <orientation>HORIZONTAL</orientation>
              <spacing>50.0</spacing>
              <initialX>0.0</initialX>
              <initialY>0.0</initialY>
            </layout>
            <incomingSgs/>
            <outgoingSgs>
              <org.simbrain.network.groups.SynapseGroup>
                <parentNetwork reference="../../../../../../../.."/>
                <id>Group_6</id>
                <label>1 → 2</label>
                <stateInfo></stateInfo>
                <markedForDeletion>false</markedForDeletion>
                <parentGroup class="org.simbrain.network.subnetworks.BackpropNetwork" reference="../../../../../.."/>
                <sourceNeuronGroup reference="../../.."/>
                <targetNeuronGroup>
                  <parentNetwork reference="../../../../../../../../.."/>
                  <id>Group_3</id>
                  <label>Layer 2</label>
                  <stateInfo></stateInfo>
                  <markedForDeletion>false</markedForDeletion>
                  <parentGroup class="org.simbrain.network.subnetworks.BackpropNetwork" reference="../../../../../../.."/>
                  <updateRule>Sigmoidal (Discrete)</updateRule>
                  <isSpikingNeuronGroup>false</isSpikingNeuronGroup>
                  <neuronList class="java.util.concurrent.CopyOnWriteArrayList" serialization="custom">
                    <java.util.concurrent.CopyOnWriteArrayList>
                      <default/>
                      <int>6</int>
                      <org.simbrain.network.core.Neuron>
                        <updateRule class="org.simbrain.network.neuron_update_rules.SigmoidalRule">
                          <inputType>WEIGHTED</inputType>
                          <increment>0.1</increment>
                          <sFunction>LOGISTIC</sFunction>
                          <bias>-1.1496520749045245</bias>
                          <slope>1.0</slope>
                          <noiseGenerator>
                            <pdf>UNIFORM</pdf>
                            <param1>0.0</param1>
                            <param2>1.0</param2>
                            <upperBound>1.0</upperBound>
                            <lowerBound>0.0</lowerBound>
                            <clipping>false</clipping>
                          </noiseGenerator>
                          <addNoise>false</addNoise>
                          <upperBound>1.0</upperBound>
                          <lowerBound>0.0</lowerBound>
                        </updateRule>
                        <id>Neuron_4</id>
                        <label></label>
                        <activation>0.015982503436247495</activation>
                        <spike>false</spike>
                        <buffer>0.015982503436247495</buffer>
                        <spkBuffer>false</spkBuffer>
                        <inputValue>0.0</inputValue>
                        <parent reference="../../../../../../../../../../../.."/>
                        <x>-75.0</x>
                        <y>-200.0</y>
                        <z>0.0</z>
                        <clamped>false</clamped>
                        <polarity>BOTH</polarity>
                        <targetValue>0.0</targetValue>
                        <lastActivation>0.9495195857158819</lastActivation>
                        <parentGroup class="org.simbrain.network.groups.NeuronGroup" reference="../../../.."/>
                        <updatePriority>1</updatePriority>
                        <auxValue>0.0</auxValue>
                      </org.simbrain.network.core.Neuron>
                      <org.simbrain.network.core.Neuron>
                        <updateRule class="org.simbrain.network.neuron_update_rules.SigmoidalRule">
                          <inputType>WEIGHTED</inputType>
                          <increment>0.1</increment>
                          <sFunction>LOGISTIC</sFunction>
                          <bias>-0.7641277611581011</bias>
                          <slope>1.0</slope>
                          <noiseGenerator>
                            <pdf>UNIFORM</pdf>
                            <param1>0.0</param1>
                            <param2>1.0</param2>
                            <upperBound>1.0</upperBound>
                            <lowerBound>0.0</lowerBound>
                            <clipping>false</clipping>
                          </noiseGenerator>
                          <addNoise>false</addNoise>
                          <upperBound>1.0</upperBound>
                          <lowerBound>0.0</lowerBound>
                        </updateRule>
                        <id>Neuron_5</id>
                        <label></label>
                        <activation>0.1777321721086902</activation>
                        <spike>false</spike>
                        <buffer>0.1777321721086902</buffer>
                        <spkBuffer>false</spkBuffer>
                        <inputValue>0.0</inputValue>
                        <parent reference="../../../../../../../../../../../.."/>
                        <x>-25.0</x>
                        <y>-200.0</y>
                        <z>0.0</z>
                        <clamped>false</clamped>
                        <polarity>BOTH</polarity>
                        <targetValue>0.0</targetValue>
                        <lastActivation>0.9961827476449733</lastActivation>
                        <parentGroup class="org.simbrain.network.groups.NeuronGroup" reference="../../../.."/>
                        <updatePriority>1</updatePriority>
                        <auxValue>0.0</auxValue>
                      </org.simbrain.network.core.Neuron>
                      <org.simbrain.network.core.Neuron>
                        <updateRule class="org.simbrain.network.neuron_update_rules.SigmoidalRule">
                          <inputType>WEIGHTED</inputType>
                          <increment>0.1</increment>
                          <sFunction>LOGISTIC</sFunction>
                          <bias>-1.1560385801018787</bias>
                          <slope>1.0</slope>
                          <noiseGenerator>
                            <pdf>UNIFORM</pdf>
                            <param1>0.0</param1>
                            <param2>1.0</param2>
                            <upperBound>1.0</upperBound>
                            <lowerBound>0.0</lowerBound>
                            <clipping>false</clipping>
                          </noiseGenerator>
                          <addNoise>false</addNoise>
                          <upperBound>1.0</upperBound>
                          <lowerBound>0.0</lowerBound>
                        </updateRule>
                        <id>Neuron_6</id>
                        <label></label>
                        <activation>0.012896823685704228</activation>
                        <spike>false</spike>
                        <buffer>0.012896823685704228</buffer>
                        <spkBuffer>false</spkBuffer>
                        <inputValue>0.0</inputValue>
                        <parent reference="../../../../../../../../../../../.."/>
                        <x>25.0</x>
                        <y>-200.0</y>
                        <z>0.0</z>
                        <clamped>false</clamped>
                        <polarity>BOTH</polarity>
                        <targetValue>0.0</targetValue>
                        <lastActivation>0.9380524719096037</lastActivation>
                        <parentGroup class="org.simbrain.network.groups.NeuronGroup" reference="../../../.."/>
                        <updatePriority>1</updatePriority>
                        <auxValue>0.0</auxValue>
                      </org.simbrain.network.core.Neuron>
                      <org.simbrain.network.core.Neuron>
                        <updateRule class="org.simbrain.network.neuron_update_rules.SigmoidalRule">
                          <inputType>WEIGHTED</inputType>
                          <increment>0.1</increment>
                          <sFunction>LOGISTIC</sFunction>
                          <bias>-1.0588586716107204</bias>
                          <slope>1.0</slope>
                          <noiseGenerator>
                            <pdf>UNIFORM</pdf>
                            <param1>0.0</param1>
                            <param2>1.0</param2>
                            <upperBound>1.0</upperBound>
                            <lowerBound>0.0</lowerBound>
                            <clipping>false</clipping>
                          </noiseGenerator>
                          <addNoise>false</addNoise>
                          <upperBound>1.0</upperBound>
                          <lowerBound>0.0</lowerBound>
                        </updateRule>
                        <id>Neuron_7</id>
                        <label></label>
                        <activation>0.02802358292593489</activation>
                        <spike>false</spike>
                        <buffer>0.02802358292593489</buffer>
                        <spkBuffer>false</spkBuffer>
                        <inputValue>0.0</inputValue>
                        <parent reference="../../../../../../../../../../../.."/>
                        <x>75.0</x>
                        <y>-200.0</y>
                        <z>0.0</z>
                        <clamped>false</clamped>
                        <polarity>BOTH</polarity>
                        <targetValue>0.0</targetValue>
                        <lastActivation>0.9709714436527432</lastActivation>
                        <parentGroup class="org.simbrain.network.groups.NeuronGroup" reference="../../../.."/>
                        <updatePriority>1</updatePriority>
                        <auxValue>0.0</auxValue>
                      </org.simbrain.network.core.Neuron>
                      <org.simbrain.network.core.Neuron>
                        <updateRule class="org.simbrain.network.neuron_update_rules.SigmoidalRule">
                          <inputType>WEIGHTED</inputType>
                          <increment>0.1</increment>
                          <sFunction>LOGISTIC</sFunction>
                          <bias>-0.9111219151264507</bias>
                          <slope>1.0</slope>
                          <noiseGenerator>
                            <pdf>UNIFORM</pdf>
                            <param1>0.0</param1>
                            <param2>1.0</param2>
                            <upperBound>1.0</upperBound>
                            <lowerBound>0.0</lowerBound>
                            <clipping>false</clipping>
                          </noiseGenerator>
                          <addNoise>false</addNoise>
                          <upperBound>1.0</upperBound>
                          <lowerBound>0.0</lowerBound>
                        </updateRule>
                        <id>Neuron_8</id>
                        <label></label>
                        <activation>0.053915131284562774</activation>
                        <spike>false</spike>
                        <buffer>0.053915131284562774</buffer>
                        <spkBuffer>false</spkBuffer>
                        <inputValue>0.0</inputValue>
                        <parent reference="../../../../../../../../../../../.."/>
                        <x>125.0</x>
                        <y>-200.0</y>
                        <z>0.0</z>
                        <clamped>false</clamped>
                        <polarity>BOTH</polarity>
                        <targetValue>0.0</targetValue>
                        <lastActivation>0.9851974282241465</lastActivation>
                        <parentGroup class="org.simbrain.network.groups.NeuronGroup" reference="../../../.."/>
                        <updatePriority>1</updatePriority>
                        <auxValue>0.0</auxValue>
                      </org.simbrain.network.core.Neuron>
                      <org.simbrain.network.core.Neuron>
                        <updateRule class="org.simbrain.network.neuron_update_rules.SigmoidalRule">
                          <inputType>WEIGHTED</inputType>
                          <increment>0.1</increment>
                          <sFunction>LOGISTIC</sFunction>
                          <bias>-1.1177504122752286</bias>
                          <slope>1.0</slope>
                          <noiseGenerator>
                            <pdf>UNIFORM</pdf>
                            <param1>0.0</param1>
                            <param2>1.0</param2>
                            <upperBound>1.0</upperBound>
                            <lowerBound>0.0</lowerBound>
                            <clipping>false</clipping>
                          </noiseGenerator>
                          <addNoise>false</addNoise>
                          <upperBound>1.0</upperBound>
                          <lowerBound>0.0</lowerBound>
                        </updateRule>
                        <id>Neuron_9</id>
                        <label></label>
                        <activation>0.01939825078429561</activation>
                        <spike>false</spike>
                        <buffer>0.01939825078429561</buffer>
                        <spkBuffer>false</spkBuffer>
                        <inputValue>0.0</inputValue>
                        <parent reference="../../../../../../../../../../../.."/>
                        <x>175.0</x>
                        <y>-200.0</y>
                        <z>0.0</z>
                        <clamped>false</clamped>
                        <polarity>BOTH</polarity>
                        <targetValue>0.0</targetValue>
                        <lastActivation>0.9581630627903122</lastActivation>
                        <parentGroup class="org.simbrain.network.groups.NeuronGroup" reference="../../../.."/>
                        <updatePriority>1</updatePriority>
                        <auxValue>0.0</auxValue>
                      </org.simbrain.network.core.Neuron>
                    </java.util.concurrent.CopyOnWriteArrayList>
                  </neuronList>
                  <layout class="org.simbrain.network.layouts.LineLayout">
                    <orientation>HORIZONTAL</orientation>
                    <spacing>50.0</spacing>
                    <initialX>0.0</initialX>
                    <initialY>0.0</initialY>
                  </layout>
                  <incomingSgs>
                    <org.simbrain.network.groups.SynapseGroup reference="../../.."/>
                  </incomingSgs>
                  <outgoingSgs>
                    <org.simbrain.network.groups.SynapseGroup>
                      <parentNetwork reference="../../../../../../../../../../.."/>
                      <id>Group_7</id>
                      <label>2 → 3</label>
                      <stateInfo></stateInfo>
                      <markedForDeletion>false</markedForDeletion>
                      <parentGroup class="org.simbrain.network.subnetworks.BackpropNetwork" reference="../../../../../../../../.."/>
                      <sourceNeuronGroup reference="../../.."/>
                      <targetNeuronGroup>
                        <parentNetwork reference="../../../../../../../../../../../.."/>
                        <id>Group_4</id>
                        <label>Layer 3</label>
                        <stateInfo></stateInfo>
                        <markedForDeletion>false</markedForDeletion>
                        <parentGroup class="org.simbrain.network.subnetworks.BackpropNetwork" reference="../../../../../../../../../.."/>
                        <updateRule>Sigmoidal (Discrete)</updateRule>
                        <isSpikingNeuronGroup>false</isSpikingNeuronGroup>
                        <neuronList class="java.util.concurrent.CopyOnWriteArrayList" serialization="custom">
                          <java.util.concurrent.CopyOnWriteArrayList>
                            <default/>
                            <int>6</int>
                            <org.simbrain.network.core.Neuron>
                              <updateRule class="org.simbrain.network.neuron_update_rules.SigmoidalRule">
                                <inputType>WEIGHTED</inputType>
                                <increment>0.1</increment>
                                <sFunction>LOGISTIC</sFunction>
                                <bias>-1.037350595189168</bias>
                                <slope>1.0</slope>
                                <noiseGenerator>
                                  <pdf>UNIFORM</pdf>
                                  <param1>0.0</param1>
                                  <param2>1.0</param2>
                                  <upperBound>1.0</upperBound>
                                  <lowerBound>0.0</lowerBound>
                                  <clipping>false</clipping>
                                </noiseGenerator>
                                <addNoise>false</addNoise>
                                <upperBound>1.0</upperBound>
                                <lowerBound>0.0</lowerBound>
                              </updateRule>
                              <id>Neuron_10</id>
                              <label></label>
                              <activation>0.03267197683099549</activation>
                              <spike>false</spike>
                              <buffer>0.03267197683099549</buffer>
                              <spkBuffer>false</spkBuffer>
                              <inputValue>0.0</inputValue>
                              <parent reference="../../../../../../../../../../../../../../.."/>
                              <x>-75.0</x>
                              <y>-400.0</y>
                              <z>0.0</z>
                              <clamped>false</clamped>
                              <polarity>BOTH</polarity>
                              <targetValue>0.0</targetValue>
                              <lastActivation>5.2769630476074245E-14</lastActivation>
                              <parentGroup class="org.simbrain.network.groups.NeuronGroup" reference="../../../.."/>
                              <updatePriority>2</updatePriority>
                              <auxValue>0.0</auxValue>
                            </org.simbrain.network.core.Neuron>
                            <org.simbrain.network.core.Neuron>
                              <updateRule class="org.simbrain.network.neuron_update_rules.SigmoidalRule">
                                <inputType>WEIGHTED</inputType>
                                <increment>0.1</increment>
                                <sFunction>LOGISTIC</sFunction>
                                <bias>-1.2581112459803636</bias>
                                <slope>1.0</slope>
                                <noiseGenerator>
                                  <pdf>UNIFORM</pdf>
                                  <param1>0.0</param1>
                                  <param2>1.0</param2>
                                  <upperBound>1.0</upperBound>
                                  <lowerBound>0.0</lowerBound>
                                  <clipping>false</clipping>
                                </noiseGenerator>
                                <addNoise>false</addNoise>
                                <upperBound>1.0</upperBound>
                                <lowerBound>0.0</lowerBound>
                              </updateRule>
                              <id>Neuron_11</id>
                              <label></label>
                              <activation>0.18063158504382568</activation>
                              <spike>false</spike>
                              <buffer>0.18063158504382568</buffer>
                              <spkBuffer>false</spkBuffer>
                              <inputValue>0.0</inputValue>
                              <parent reference="../../../../../../../../../../../../../../.."/>
                              <x>-25.0</x>
                              <y>-400.0</y>
                              <z>0.0</z>
                              <clamped>false</clamped>
                              <polarity>BOTH</polarity>
                              <targetValue>0.0</targetValue>
                              <lastActivation>2.1184753220910655E-6</lastActivation>
                              <parentGroup class="org.simbrain.network.groups.NeuronGroup" reference="../../../.."/>
                              <updatePriority>2</updatePriority>
                              <auxValue>0.0</auxValue>
                            </org.simbrain.network.core.Neuron>
                            <org.simbrain.network.core.Neuron>
                              <updateRule class="org.simbrain.network.neuron_update_rules.SigmoidalRule">
                                <inputType>WEIGHTED</inputType>
                                <increment>0.1</increment>
                                <sFunction>LOGISTIC</sFunction>
                                <bias>-1.257809690318916</bias>
                                <slope>1.0</slope>
                                <noiseGenerator>
                                  <pdf>UNIFORM</pdf>
                                  <param1>0.0</param1>
                                  <param2>1.0</param2>
                                  <upperBound>1.0</upperBound>
                                  <lowerBound>0.0</lowerBound>
                                  <clipping>false</clipping>
                                </noiseGenerator>
                                <addNoise>false</addNoise>
                                <upperBound>1.0</upperBound>
                                <lowerBound>0.0</lowerBound>
                              </updateRule>
                              <id>Neuron_12</id>
                              <label></label>
                              <activation>0.1806463513744623</activation>
                              <spike>false</spike>
                              <buffer>0.1806463513744623</buffer>
                              <spkBuffer>false</spkBuffer>
                              <inputValue>0.0</inputValue>
                              <parent reference="../../../../../../../../../../../../../../.."/>
                              <x>25.0</x>
                              <y>-400.0</y>
                              <z>0.0</z>
                              <clamped>false</clamped>
                              <polarity>BOTH</polarity>
                              <targetValue>0.0</targetValue>
                              <lastActivation>1.6154229958573938E-6</lastActivation>
                              <parentGroup class="org.simbrain.network.groups.NeuronGroup" reference="../../../.."/>
                              <updatePriority>2</updatePriority>
                              <auxValue>0.0</auxValue>
                            </org.simbrain.network.core.Neuron>
                            <org.simbrain.network.core.Neuron>
                              <updateRule class="org.simbrain.network.neuron_update_rules.SigmoidalRule">
                                <inputType>WEIGHTED</inputType>
                                <increment>0.1</increment>
                                <sFunction>LOGISTIC</sFunction>
                                <bias>-1.2672749788767257</bias>
                                <slope>1.0</slope>
                                <noiseGenerator>
                                  <pdf>UNIFORM</pdf>
                                  <param1>0.0</param1>
                                  <param2>1.0</param2>
                                  <upperBound>1.0</upperBound>
                                  <lowerBound>0.0</lowerBound>
                                  <clipping>false</clipping>
                                </noiseGenerator>
                                <addNoise>false</addNoise>
                                <upperBound>1.0</upperBound>
                                <lowerBound>0.0</lowerBound>
                              </updateRule>
                              <id>Neuron_13</id>
                              <label></label>
                              <activation>0.17896195366252535</activation>
                              <spike>false</spike>
                              <buffer>0.17896195366252535</buffer>
                              <spkBuffer>false</spkBuffer>
                              <inputValue>0.0</inputValue>
                              <parent reference="../../../../../../../../../../../../../../.."/>
                              <x>75.0</x>
                              <y>-400.0</y>
                              <z>0.0</z>
                              <clamped>false</clamped>
                              <polarity>BOTH</polarity>
                              <targetValue>0.0</targetValue>
                              <lastActivation>3.0998501146141267E-6</lastActivation>
                              <parentGroup class="org.simbrain.network.groups.NeuronGroup" reference="../../../.."/>
                              <updatePriority>2</updatePriority>
                              <auxValue>0.0</auxValue>
                            </org.simbrain.network.core.Neuron>
                            <org.simbrain.network.core.Neuron>
                              <updateRule class="org.simbrain.network.neuron_update_rules.SigmoidalRule">
                                <inputType>WEIGHTED</inputType>
                                <increment>0.1</increment>
                                <sFunction>LOGISTIC</sFunction>
                                <bias>-1.262122025286942</bias>
                                <slope>1.0</slope>
                                <noiseGenerator>
                                  <pdf>UNIFORM</pdf>
                                  <param1>0.0</param1>
                                  <param2>1.0</param2>
                                  <upperBound>1.0</upperBound>
                                  <lowerBound>0.0</lowerBound>
                                  <clipping>false</clipping>
                                </noiseGenerator>
                                <addNoise>false</addNoise>
                                <upperBound>1.0</upperBound>
                                <lowerBound>0.0</lowerBound>
                              </updateRule>
                              <id>Neuron_14</id>
                              <label></label>
                              <activation>0.17979580485952018</activation>
                              <spike>false</spike>
                              <buffer>0.17979580485952018</buffer>
                              <spkBuffer>false</spkBuffer>
                              <inputValue>0.0</inputValue>
                              <parent reference="../../../../../../../../../../../../../../.."/>
                              <x>125.0</x>
                              <y>-400.0</y>
                              <z>0.0</z>
                              <clamped>false</clamped>
                              <polarity>BOTH</polarity>
                              <targetValue>0.0</targetValue>
                              <lastActivation>2.8786148848897984E-6</lastActivation>
                              <parentGroup class="org.simbrain.network.groups.NeuronGroup" reference="../../../.."/>
                              <updatePriority>2</updatePriority>
                              <auxValue>0.0</auxValue>
                            </org.simbrain.network.core.Neuron>
                            <org.simbrain.network.core.Neuron>
                              <updateRule class="org.simbrain.network.neuron_update_rules.SigmoidalRule">
                                <inputType>WEIGHTED</inputType>
                                <increment>0.1</increment>
                                <sFunction>LOGISTIC</sFunction>
                                <bias>-1.2996129741804483</bias>
                                <slope>1.0</slope>
                                <noiseGenerator>
                                  <pdf>UNIFORM</pdf>
                                  <param1>0.0</param1>
                                  <param2>1.0</param2>
                                  <upperBound>1.0</upperBound>
                                  <lowerBound>0.0</lowerBound>
                                  <clipping>false</clipping>
                                </noiseGenerator>
                                <addNoise>false</addNoise>
                                <upperBound>1.0</upperBound>
                                <lowerBound>0.0</lowerBound>
                              </updateRule>
                              <id>Neuron_15</id>
                              <label></label>
                              <activation>0.17331275130766324</activation>
                              <spike>false</spike>
                              <buffer>0.17331275130766324</buffer>
                              <spkBuffer>false</spkBuffer>
                              <inputValue>0.0</inputValue>
                              <parent reference="../../../../../../../../../../../../../../.."/>
                              <x>175.0</x>
                              <y>-400.0</y>
                              <z>0.0</z>
                              <clamped>false</clamped>
                              <polarity>BOTH</polarity>
                              <targetValue>0.0</targetValue>
                              <lastActivation>7.31013033954287E-6</lastActivation>
                              <parentGroup class="org.simbrain.network.groups.NeuronGroup" reference="../../../.."/>
                              <updatePriority>2</updatePriority>
                              <auxValue>0.0</auxValue>
                            </org.simbrain.network.core.Neuron>
                          </java.util.concurrent.CopyOnWriteArrayList>
                        </neuronList>
                        <layout class="org.simbrain.network.layouts.LineLayout">
                          <orientation>HORIZONTAL</orientation>
                          <spacing>50.0</spacing>
                          <initialX>0.0</initialX>
                          <initialY>0.0</initialY>
                        </layout>
                        <incomingSgs>
                          <org.simbrain.network.groups.SynapseGroup reference="../../.."/>
                        </incomingSgs>
                        <outgoingSgs>
                          <org.simbrain.network.groups.SynapseGroup>
                            <parentNetwork reference="../../../../../../../../../../../../../.."/>
                            <id>Group_8</id>
                            <label>3 → 4</label>
                            <stateInfo></stateInfo>
                            <markedForDeletion>false</markedForDeletion>
                            <parentGroup class="org.simbrain.network.subnetworks.BackpropNetwork" reference="../../../../../../../../../../../.."/>
                            <sourceNeuronGroup reference="../../.."/>
                            <targetNeuronGroup>
                              <parentNetwork reference="../../../../../../../../../../../../../../.."/>
                              <id>Group_5</id>
                              <label>Layer 4</label>
                              <stateInfo></stateInfo>
                              <markedForDeletion>false</markedForDeletion>
                              <parentGroup class="org.simbrain.network.subnetworks.BackpropNetwork" reference="../../../../../../../../../../../../.."/>
                              <updateRule>Sigmoidal (Discrete)</updateRule>
                              <isSpikingNeuronGroup>false</isSpikingNeuronGroup>
                              <neuronList class="java.util.concurrent.CopyOnWriteArrayList" serialization="custom">
                                <java.util.concurrent.CopyOnWriteArrayList>
                                  <default/>
                                  <int>1</int>
                                  <org.simbrain.network.core.Neuron>
                                    <updateRule class="org.simbrain.network.neuron_update_rules.SigmoidalRule">
                                      <inputType>WEIGHTED</inputType>
                                      <increment>0.1</increment>
                                      <sFunction>LOGISTIC</sFunction>
                                      <bias>1.0035548299235733</bias>
                                      <slope>1.0</slope>
                                      <noiseGenerator>
                                        <pdf>UNIFORM</pdf>
                                        <param1>0.0</param1>
                                        <param2>1.0</param2>
                                        <upperBound>1.0</upperBound>
                                        <lowerBound>0.0</lowerBound>
                                        <clipping>false</clipping>
                                      </noiseGenerator>
                                      <addNoise>false</addNoise>
                                      <upperBound>1.0</upperBound>
                                      <lowerBound>0.0</lowerBound>
                                    </updateRule>
                                    <id>Neuron_16</id>
                                    <label></label>
                                    <activation>0.3671606893476645</activation>
                                    <spike>false</spike>
                                    <buffer>0.3671606893476645</buffer>
                                    <spkBuffer>false</spkBuffer>
                                    <inputValue>0.0</inputValue>
                                    <parent reference="../../../../../../../../../../../../../../../../../.."/>
                                    <x>50.0</x>
                                    <y>-600.0</y>
                                    <z>0.0</z>
                                    <clamped>false</clamped>
                                    <polarity>BOTH</polarity>
                                    <targetValue>0.0</targetValue>
                                    <lastActivation>0.7295838053873087</lastActivation>
                                    <parentGroup class="org.simbrain.network.groups.NeuronGroup" reference="../../../.."/>
                                    <updatePriority>3</updatePriority>
                                    <auxValue>0.0</auxValue>
                                  </org.simbrain.network.core.Neuron>
                                </java.util.concurrent.CopyOnWriteArrayList>
                              </neuronList>
                              <layout class="org.simbrain.network.layouts.LineLayout">
                                <orientation>HORIZONTAL</orientation>
                                <spacing>50.0</spacing>
                                <initialX>0.0</initialX>
                                <initialY>0.0</initialY>
                              </layout>
                              <incomingSgs>
                                <org.simbrain.network.groups.SynapseGroup reference="../../.."/>
                              </incomingSgs>
                              <outgoingSgs/>
                              <gridThreshold>10</gridThreshold>
                              <betweenNeuronInterval>50</betweenNeuronInterval>
                              <recordAsSpikes>false</recordAsSpikes>
                              <recording>false</recording>
                              <inputMode>false</inputMode>
                              <inputIndex>0</inputIndex>
                              <writeCounter>0</writeCounter>
                              <subsamplingIndices>
                                <int>0</int>
                              </subsamplingIndices>
                              <fileNum>0</fileNum>
                            </targetNeuronGroup>
                            <connectionManager class="org.simbrain.network.connections.AllToAll"/>
                            <excitatoryRatio>0.0</excitatoryRatio>
                            <excitatoryPrototype>
                              <learningRule class="org.simbrain.network.synapse_update_rules.StaticSynapseRule">
                                <clipped>false</clipped>
                              </learningRule>
                              <spikeResponder class="org.simbrain.network.synapse_update_rules.spikeresponders.JumpAndDecay">
                                <value>0.0</value>
                                <jumpHeight>1.0</jumpHeight>
                                <baseLine>0.0</baseLine>
                                <timeConstant>3.0</timeConstant>
                              </spikeResponder>
                              <id></id>
                              <strength>0.0</strength>
                              <psr>0.0</psr>
                              <increment>1.0</increment>
                              <upperBound>10.0</upperBound>
                              <lowerBound>-10.0</lowerBound>
                              <delay>0</delay>
                              <enabled>true</enabled>
                              <frozen>false</frozen>
                              <dlyPtr>0</dlyPtr>
                              <dlyVal>0.0</dlyVal>
                              <isTemplate>true</isTemplate>
                            </excitatoryPrototype>
                            <inhibitoryPrototype>
                              <learningRule class="org.simbrain.network.synapse_update_rules.StaticSynapseRule">
                                <clipped>false</clipped>
                              </learningRule>
                              <spikeResponder class="org.simbrain.network.synapse_update_rules.spikeresponders.JumpAndDecay">
                                <value>0.0</value>
                                <jumpHeight>1.0</jumpHeight>
                                <baseLine>0.0</baseLine>
                                <timeConstant>3.0</timeConstant>
                              </spikeResponder>
                              <id></id>
                              <strength>0.0</strength>
                              <psr>0.0</psr>
                              <increment>1.0</increment>
                              <upperBound>10.0</upperBound>
                              <lowerBound>-10.0</lowerBound>
                              <delay>0</delay>
                              <enabled>true</enabled>
                              <frozen>false</frozen>
                              <dlyPtr>0</dlyPtr>
                              <dlyVal>0.0</dlyVal>
                              <isTemplate>true</isTemplate>
                            </inhibitoryPrototype>
                            <displaySynapses>true</displaySynapses>
                            <recurrent>false</recurrent>
                            <inStatic>true</inStatic>
                            <exStatic>true</exStatic>
                            <useGroupLevelSettings>true</useGroupLevelSettings>
                            <compressedMatrixRep>AAAABgD/////AP////8A/////wD/////AP////8AwHttx7/Nqji/zPFyv8whN7/M93O/x4GE</compressedMatrixRep>
                            <useFullRepOnSave>false</useFullRepOnSave>
                          </org.simbrain.network.groups.SynapseGroup>
                        </outgoingSgs>
                        <gridThreshold>10</gridThreshold>
                        <betweenNeuronInterval>50</betweenNeuronInterval>
                        <recordAsSpikes>false</recordAsSpikes>
                        <recording>false</recording>
                        <inputMode>false</inputMode>
                        <inputIndex>0</inputIndex>
                        <writeCounter>0</writeCounter>
                        <subsamplingIndices>
                          <int>4</int>
                          <int>1</int>
                          <int>5</int>
                          <int>0</int>
                          <int>2</int>
                          <int>3</int>
                        </subsamplingIndices>
                        <fileNum>0</fileNum>
                      </targetNeuronGroup>
                      <connectionManager class="org.simbrain.network.connections.AllToAll"/>
                      <excitatoryRatio>0.1111111111111111</excitatoryRatio>
                      <excitatoryPrototype>
                        <learningRule class="org.simbrain.network.synapse_update_rules.StaticSynapseRule">
                          <clipped>false</clipped>
                        </learningRule>
                        <spikeResponder class="org.simbrain.network.synapse_update_rules.spikeresponders.JumpAndDecay">
                          <value>0.0</value>
                          <jumpHeight>1.0</jumpHeight>
                          <baseLine>0.0</baseLine>
                          <timeConstant>3.0</timeConstant>
                        </spikeResponder>
                        <id></id>
                        <strength>0.0</strength>
                        <psr>0.0</psr>
                        <increment>1.0</increment>
                        <upperBound>10.0</upperBound>
                        <lowerBound>-10.0</lowerBound>
                        <delay>0</delay>
                        <enabled>true</enabled>
                        <frozen>false</frozen>
                        <dlyPtr>0</dlyPtr>
                        <dlyVal>0.0</dlyVal>
                        <isTemplate>true</isTemplate>
                      </excitatoryPrototype>
                      <inhibitoryPrototype>
                        <learningRule class="org.simbrain.network.synapse_update_rules.StaticSynapseRule">
                          <clipped>false</clipped>
                        </learningRule>
                        <spikeResponder class="org.simbrain.network.synapse_update_rules.spikeresponders.JumpAndDecay">
                          <value>0.0</value>
                          <jumpHeight>1.0</jumpHeight>
                          <baseLine>0.0</baseLine>
                          <timeConstant>3.0</timeConstant>
                        </spikeResponder>
                        <id></id>
                        <strength>0.0</strength>
                        <psr>0.0</psr>
                        <increment>1.0</increment>
                        <upperBound>10.0</upperBound>
                        <lowerBound>-10.0</lowerBound>
                        <delay>0</delay>
                        <enabled>true</enabled>
                        <frozen>false</frozen>
                        <dlyPtr>0</dlyPtr>
                        <dlyVal>0.0</dlyVal>
                        <isTemplate>true</isTemplate>
                      </inhibitoryPrototype>
                      <displaySynapses>true</displaySynapses>
                      <recurrent>false</recurrent>
                      <inStatic>true</inStatic>
                      <exStatic>true</exStatic>
                      <useGroupLevelSettings>true</useGroupLevelSettings>
                      <compressedMatrixRep>AAAAJAABAgMEBf////8AAQIDBAX/////AAECAwQF/////wABAgMEBf////8AAQIDBAX/////AAEC
AwQFwHEh3MA31mfAQiAmwDUX2MA04Q3AJ0VcwSAAAD4qSV8+PNp4PZoHlD3UnTS+DCe/wIA0pcBU
D//AWTEOwFBZ9cBMtsrAQkKmwF5occAL+KLAC3luv//yO8AFkty/3LNHwK0iD7/AkEm/u3N1v7Rx
Ub+5VV+/lGFbwGv4usAoniPAL966wCFDdcAkCfbAFYep</compressedMatrixRep>
                      <useFullRepOnSave>false</useFullRepOnSave>
                    </org.simbrain.network.groups.SynapseGroup>
                  </outgoingSgs>
                  <gridThreshold>10</gridThreshold>
                  <betweenNeuronInterval>50</betweenNeuronInterval>
                  <recordAsSpikes>false</recordAsSpikes>
                  <recording>false</recording>
                  <inputMode>false</inputMode>
                  <inputIndex>0</inputIndex>
                  <writeCounter>0</writeCounter>
                  <subsamplingIndices>
                    <int>5</int>
                    <int>1</int>
                    <int>3</int>
                    <int>2</int>
                    <int>4</int>
                    <int>0</int>
                  </subsamplingIndices>
                  <fileNum>0</fileNum>
                </targetNeuronGroup>
                <connectionManager class="org.simbrain.network.connections.AllToAll"/>
                <excitatoryRatio>0.3333333333333333</excitatoryRatio>
                <excitatoryPrototype>
                  <learningRule class="org.simbrain.network.synapse_update_rules.StaticSynapseRule">
                    <clipped>false</clipped>
                  </learningRule>
                  <spikeResponder class="org.simbrain.network.synapse_update_rules.spikeresponders.JumpAndDecay">
                    <value>0.0</value>
                    <jumpHeight>1.0</jumpHeight>
                    <baseLine>0.0</baseLine>
                    <timeConstant>3.0</timeConstant>
                  </spikeResponder>
                  <id></id>
                  <strength>0.0</strength>
                  <psr>0.0</psr>
                  <increment>1.0</increment>
                  <upperBound>10.0</upperBound>
                  <lowerBound>-10.0</lowerBound>
                  <delay>0</delay>
                  <enabled>true</enabled>
                  <frozen>false</frozen>
                  <dlyPtr>0</dlyPtr>
                  <dlyVal>0.0</dlyVal>
                  <isTemplate>true</isTemplate>
                </excitatoryPrototype>
                <inhibitoryPrototype>
                  <learningRule class="org.simbrain.network.synapse_update_rules.StaticSynapseRule">
                    <clipped>false</clipped>
                  </learningRule>
                  <spikeResponder class="org.simbrain.network.synapse_update_rules.spikeresponders.JumpAndDecay">
                    <value>0.0</value>
                    <jumpHeight>1.0</jumpHeight>
                    <baseLine>0.0</baseLine>
                    <timeConstant>3.0</timeConstant>
                  </spikeResponder>
                  <id></id>
                  <strength>0.0</strength>
                  <psr>0.0</psr>
                  <increment>1.0</increment>
                  <upperBound>10.0</upperBound>
                  <lowerBound>-10.0</lowerBound>
                  <delay>0</delay>
                  <enabled>true</enabled>
                  <frozen>false</frozen>
                  <dlyPtr>0</dlyPtr>
                  <dlyVal>0.0</dlyVal>
                  <isTemplate>true</isTemplate>
                </inhibitoryPrototype>
                <displaySynapses>true</displaySynapses>
                <recurrent>false</recurrent>
                <inStatic>true</inStatic>
                <exStatic>true</exStatic>
                <useGroupLevelSettings>true</useGroupLevelSettings>
                <compressedMatrixRep>AAAAEgABAgMEBf////8AAQIDBAX/////AAECAwQFQR7aXEEgAABBHt9AQR7no0EfF/hBHtjEwQG5
0MCgAWLBBtjHwOyE6sDUQ5vA+2VswRBlysEIGE3BBl1hwR/ztsEf9YbBGR1X</compressedMatrixRep>
                <useFullRepOnSave>false</useFullRepOnSave>
              </org.simbrain.network.groups.SynapseGroup>
            </outgoingSgs>
            <gridThreshold>10</gridThreshold>
            <betweenNeuronInterval>50</betweenNeuronInterval>
            <recordAsSpikes>false</recordAsSpikes>
            <recording>false</recording>
            <inputMode>false</inputMode>
            <inputIndex>0</inputIndex>
            <writeCounter>0</writeCounter>
            <subsamplingIndices>
              <int>2</int>
              <int>0</int>
              <int>1</int>
            </subsamplingIndices>
            <fileNum>0</fileNum>
          </org.simbrain.network.groups.NeuronGroup>
          <org.simbrain.network.groups.NeuronGroup reference="../org.simbrain.network.groups.NeuronGroup/outgoingSgs/org.simbrain.network.groups.SynapseGroup/targetNeuronGroup"/>
          <org.simbrain.network.groups.NeuronGroup reference="../org.simbrain.network.groups.NeuronGroup/outgoingSgs/org.simbrain.network.groups.SynapseGroup/targetNeuronGroup/outgoingSgs/org.simbrain.network.groups.SynapseGroup/targetNeuronGroup"/>
          <org.simbrain.network.groups.NeuronGroup reference="../org.simbrain.network.groups.NeuronGroup/outgoingSgs/org.simbrain.network.groups.SynapseGroup/targetNeuronGroup/outgoingSgs/org.simbrain.network.groups.SynapseGroup/targetNeuronGroup/outgoingSgs/org.simbrain.network.groups.SynapseGroup/targetNeuronGroup"/>
        </java.util.concurrent.CopyOnWriteArrayList>
      </neuronGroupList>
      <synapseGroupList class="java.util.concurrent.CopyOnWriteArrayList" serialization="custom">
        <java.util.concurrent.CopyOnWriteArrayList>
          <default/>
          <int>3</int>
          <org.simbrain.network.groups.SynapseGroup reference="../../../neuronGroupList/java.util.concurrent.CopyOnWriteArrayList/org.simbrain.network.groups.NeuronGroup/outgoingSgs/org.simbrain.network.groups.SynapseGroup"/>
          <org.simbrain.network.groups.SynapseGroup reference="../../../neuronGroupList/java.util.concurrent.CopyOnWriteArrayList/org.simbrain.network.groups.NeuronGroup/outgoingSgs/org.simbrain.network.groups.SynapseGroup/targetNeuronGroup/outgoingSgs/org.simbrain.network.groups.SynapseGroup"/>
          <org.simbrain.network.groups.SynapseGroup reference="../../../neuronGroupList/java.util.concurrent.CopyOnWriteArrayList/org.simbrain.network.groups.NeuronGroup/outgoingSgs/org.simbrain.network.groups.SynapseGroup/targetNeuronGroup/outgoingSgs/org.simbrain.network.groups.SynapseGroup/targetNeuronGroup/outgoingSgs/org.simbrain.network.groups.SynapseGroup"/>
        </java.util.concurrent.CopyOnWriteArrayList>
      </synapseGroupList>
      <displayNeuronGroups>true</displayNeuronGroups>
      <numMembers>76</numMembers>
      <betweenLayerInterval>200</betweenLayerInterval>
      <trainingSet>
        <inputData>
          <double-array>
            <double>0.7142857142857143</double>
            <double>0.7</double>
            <double>0.02</double>
          </double-array>
          <double-array>
            <double>0.8586309523809523</double>
            <double>0.7</double>
            <double>0.02</double>
          </double-array>
          <double-array>
            <double>0.18601190476190477</double>
            <double>0.7</double>
            <double>0.02</double>
          </double-array>
          <double-array>
            <double>0.08333333333333333</double>
            <double>0.7</double>
            <double>0.02</double>
          </double-array>
          <double-array>
            <double>0.17708333333333334</double>
            <double>0.7</double>
            <double>0.02</double>
          </double-array>
          <double-array>
            <double>0.7752976190476191</double>
            <double>0.7</double>
            <double>0.02</double>
          </double-array>
          <double-array>
            <double>0.7991071428571429</double>
            <double>0.7</double>
            <double>0.02</double>
          </double-array>
          <double-array>
            <double>0.022321428571428572</double>
            <double>0.7</double>
            <double>0.02</double>
          </double-array>
          <double-array>
            <double>0.023809523809523808</double>
            <double>0.7</double>
            <double>0.02</double>
          </double-array>
          <double-array>
            <double>0.19196428571428573</double>
            <double>0.7</double>
            <double>0.02</double>
          </double-array>
          <double-array>
            <double>0.7752976190476191</double>
            <double>0.7</double>
            <double>0.02</double>
          </double-array>
          <double-array>
            <double>0.4479166666666667</double>
            <double>0.7</double>
            <double>0.02</double>
          </double-array>
          <double-array>
            <double>0.6458333333333334</double>
            <double>0.7</double>
            <double>0.02</double>
          </double-array>
          <double-array>
            <double>0.7901785714285714</double>
            <double>0.7</double>
            <double>0.02</double>
          </double-array>
          <double-array>
            <double>0.10267857142857142</double>
            <double>0.7</double>
            <double>0.02</double>
          </double-array>
          <double-array>
            <double>0.13690476190476192</double>
            <double>0.7</double>
            <double>0.02</double>
          </double-array>
          <double-array>
            <double>0.27232142857142855</double>
            <double>0.7</double>
            <double>0.02</double>
          </double-array>
          <double-array>
            <double>0.2857142857142857</double>
            <double>0.7</double>
            <double>0.02</double>
          </double-array>
          <double-array>
            <double>0.5535714285714286</double>
            <double>0.7</double>
            <double>0.02</double>
          </double-array>
          <double-array>
            <double>0.8095238095238095</double>
            <double>0.7</double>
            <double>0.02</double>
          </double-array>
          <double-array>
            <double>0.8720238095238095</double>
            <double>0.7</double>
            <double>0.02</double>
          </double-array>
          <double-array>
            <double>0.19940476190476192</double>
            <double>0.7</double>
            <double>0.02</double>
          </double-array>
          <double-array>
            <double>0.12202380952380952</double>
            <double>0.7</double>
            <double>0.02</double>
          </double-array>
          <double-array>
            <double>0.6577380952380952</double>
            <double>0.7</double>
            <double>0.02</double>
          </double-array>
          <double-array>
            <double>0.7916666666666666</double>
            <double>0.7</double>
            <double>0.02</double>
          </double-array>
          <double-array>
            <double>0.21726190476190477</double>
            <double>0.7</double>
            <double>0.02</double>
          </double-array>
          <double-array>
            <double>0.6116071428571429</double>
            <double>0.7</double>
            <double>0.02</double>
          </double-array>
          <double-array>
            <double>0.13541666666666666</double>
            <double>0.7</double>
            <double>0.02</double>
          </double-array>
          <double-array>
            <double>0.8690476190476191</double>
            <double>0.7</double>
            <double>0.02</double>
          </double-array>
          <double-array>
            <double>0.05505952380952381</double>
            <double>0.7</double>
            <double>0.02</double>
          </double-array>
          <double-array>
            <double>0.08035714285714286</double>
            <double>0.7</double>
            <double>0.02</double>
          </double-array>
          <double-array>
            <double>0.5461309523809523</double>
            <double>0.7</double>
            <double>0.02</double>
          </double-array>
          <double-array>
            <double>0.6443452380952381</double>
            <double>0.7</double>
            <double>0.02</double>
          </double-array>
          <double-array>
            <double>0.12053571428571429</double>
            <double>0.7</double>
            <double>0.02</double>
          </double-array>
          <double-array>
            <double>0.1875</double>
            <double>0.7</double>
            <double>0.02</double>
          </double-array>
          <double-array>
            <double>0.8214285714285714</double>
            <double>0.7</double>
            <double>0.02</double>
          </double-array>
          <double-array>
            <double>0.06994047619047619</double>
            <double>0.7</double>
            <double>0.02</double>
          </double-array>
          <double-array>
            <double>0.7544642857142857</double>
            <double>0.7</double>
            <double>0.02</double>
          </double-array>
          <double-array>
            <double>0.09672619047619048</double>
            <double>0.7</double>
            <double>0.02</double>
          </double-array>
          <double-array>
            <double>0.6294642857142857</double>
            <double>0.7</double>
            <double>0.02</double>
          </double-array>
          <double-array>
            <double>0.6636904761904762</double>
            <double>0.7</double>
            <double>0.02</double>
          </double-array>
          <double-array>
            <double>0.6458333333333334</double>
            <double>0.7</double>
            <double>0.02</double>
          </double-array>
          <double-array>
            <double>0.16220238095238096</double>
            <double>0.7</double>
            <double>0.02</double>
          </double-array>
          <double-array>
            <double>0.21726190476190477</double>
            <double>0.7</double>
            <double>0.02</double>
          </double-array>
          <double-array>
            <double>0.12648809523809523</double>
            <double>0.7</double>
            <double>0.02</double>
          </double-array>
          <double-array>
            <double>0.4523809523809524</double>
            <double>0.7</double>
            <double>0.02</double>
          </double-array>
          <double-array>
            <double>0.6875</double>
            <double>0.7</double>
            <double>0.02</double>
          </double-array>
          <double-array>
            <double>0.06696428571428571</double>
            <double>0.7</double>
            <double>0.02</double>
          </double-array>
          <double-array>
            <double>0.48214285714285715</double>
            <double>0.7</double>
            <double>0.02</double>
          </double-array>
          <double-array>
            <double>0.07291666666666667</double>
            <double>0.7</double>
            <double>0.02</double>
          </double-array>
          <double-array>
            <double>0.2648809523809524</double>
            <double>0.7</double>
            <double>0.02</double>
          </double-array>
          <double-array>
            <double>0.6354166666666666</double>
            <double>0.7</double>
            <double>0.02</double>
          </double-array>
          <double-array>
            <double>0.4538690476190476</double>
            <double>0.7</double>
            <double>0.02</double>
          </double-array>
          <double-array>
            <double>0.8214285714285714</double>
            <double>0.7</double>
            <double>0.02</double>
          </double-array>
          <double-array>
            <double>0.11458333333333333</double>
            <double>0.7</double>
            <double>0.02</double>
          </double-array>
          <double-array>
            <double>0.010416666666666666</double>
            <double>0.7</double>
            <double>0.02</double>
          </double-array>
          <double-array>
            <double>0.5401785714285714</double>
            <double>0.7</double>
            <double>0.02</double>
          </double-array>
          <double-array>
            <double>0.6651785714285714</double>
            <double>0.7</double>
            <double>0.02</double>
          </double-array>
          <double-array>
            <double>0.13988095238095238</double>
            <double>0.7</double>
            <double>0.02</double>
          </double-array>
          <double-array>
            <double>0.046130952380952384</double>
            <double>0.7</double>
            <double>0.02</double>
          </double-array>
          <double-array>
            <double>0.125</double>
            <double>0.7</double>
            <double>0.02</double>
          </double-array>
          <double-array>
            <double>0.5982142857142857</double>
            <double>0.7</double>
            <double>0.02</double>
          </double-array>
          <double-array>
            <double>0.5520833333333334</double>
            <double>0.7</double>
            <double>0.02</double>
          </double-array>
          <double-array>
            <double>0.03720238095238095</double>
            <double>0.7</double>
            <double>0.02</double>
          </double-array>
          <double-array>
            <double>0.07886904761904762</double>
            <double>0.7</double>
            <double>0.02</double>
          </double-array>
          <double-array>
            <double>0.12053571428571429</double>
            <double>0.7</double>
            <double>0.02</double>
          </double-array>
          <double-array>
            <double>0.59375</double>
            <double>0.7</double>
            <double>0.02</double>
          </double-array>
          <double-array>
            <double>0.4806547619047619</double>
            <double>0.7</double>
            <double>0.02</double>
          </double-array>
          <double-array>
            <double>0.33630952380952384</double>
            <double>0.7</double>
            <double>0.02</double>
          </double-array>
          <double-array>
            <double>0.0</double>
            <double>0.7</double>
            <double>0.02</double>
          </double-array>
          <double-array>
            <double>0.5446428571428571</double>
            <double>0.7</double>
            <double>0.02</double>
          </double-array>
          <double-array>
            <double>0.09077380952380952</double>
            <double>0.7</double>
            <double>0.02</double>
          </double-array>
          <double-array>
            <double>0.30357142857142855</double>
            <double>0.7</double>
            <double>0.1</double>
          </double-array>
          <double-array>
            <double>0.09375</double>
            <double>0.7</double>
            <double>0.1</double>
          </double-array>
          <double-array>
            <double>0.7455357142857143</double>
            <double>0.7</double>
            <double>0.1</double>
          </double-array>
          <double-array>
            <double>0.5639880952380952</double>
            <double>0.7</double>
            <double>0.1</double>
          </double-array>
          <double-array>
            <double>0.625</double>
            <double>0.7</double>
            <double>0.1</double>
          </double-array>
          <double-array>
            <double>0.7470238095238095</double>
            <double>0.7</double>
            <double>0.1</double>
          </double-array>
          <double-array>
            <double>0.18452380952380953</double>
            <double>0.7</double>
            <double>0.1</double>
          </double-array>
          <double-array>
            <double>0.34226190476190477</double>
            <double>0.7</double>
            <double>0.1</double>
          </double-array>
          <double-array>
            <double>0.7410714285714286</double>
            <double>0.7</double>
            <double>0.1</double>
          </double-array>
          <double-array>
            <double>0.1875</double>
            <double>0.7</double>
            <double>0.1</double>
          </double-array>
          <double-array>
            <double>0.21577380952380953</double>
            <double>0.7</double>
            <double>0.1</double>
          </double-array>
          <double-array>
            <double>0.8110119047619048</double>
            <double>0.7</double>
            <double>0.1</double>
          </double-array>
          <double-array>
            <double>0.18303571428571427</double>
            <double>0.7</double>
            <double>0.1</double>
          </double-array>
          <double-array>
            <double>0.2663690476190476</double>
            <double>0.7</double>
            <double>0.1</double>
          </double-array>
          <double-array>
            <double>0.78125</double>
            <double>0.7</double>
            <double>0.1</double>
          </double-array>
          <double-array>
            <double>0.7291666666666666</double>
            <double>0.7</double>
            <double>0.1</double>
          </double-array>
          <double-array>
            <double>0.2931547619047619</double>
            <double>0.7</double>
            <double>0.1</double>
          </double-array>
          <double-array>
            <double>0.4419642857142857</double>
            <double>0.7</double>
            <double>0.1</double>
          </double-array>
          <double-array>
            <double>0.7380952380952381</double>
            <double>0.7</double>
            <double>0.1</double>
          </double-array>
          <double-array>
            <double>0.6726190476190477</double>
            <double>0.7</double>
            <double>0.1</double>
          </double-array>
          <double-array>
            <double>0.3943452380952381</double>
            <double>0.7</double>
            <double>0.1</double>
          </double-array>
          <double-array>
            <double>0.7395833333333334</double>
            <double>0.7</double>
            <double>0.1</double>
          </double-array>
          <double-array>
            <double>0.15327380952380953</double>
            <double>0.7</double>
            <double>0.1</double>
          </double-array>
          <double-array>
            <double>0.33779761904761907</double>
            <double>0.7</double>
            <double>0.1</double>
          </double-array>
          <double-array>
            <double>0.7232142857142857</double>
            <double>0.7</double>
            <double>0.1</double>
          </double-array>
          <double-array>
            <double>0.34672619047619047</double>
            <double>0.7</double>
            <double>0.1</double>
          </double-array>
          <double-array>
            <double>0.7961309523809523</double>
            <double>0.7</double>
            <double>0.1</double>
          </double-array>
          <double-array>
            <double>0.1875</double>
            <double>0.7</double>
            <double>0.1</double>
          </double-array>
          <double-array>
            <double>0.90625</double>
            <double>0.7</double>
            <double>0.1</double>
          </double-array>
          <double-array>
            <double>0.4732142857142857</double>
            <double>0.7</double>
            <double>0.1</double>
          </double-array>
          <double-array>
            <double>0.15773809523809523</double>
            <double>0.7</double>
            <double>0.1</double>
          </double-array>
          <double-array>
            <double>0.21726190476190477</double>
            <double>0.7</double>
            <double>0.1</double>
          </double-array>
          <double-array>
            <double>0.2648809523809524</double>
            <double>0.7</double>
            <double>0.1</double>
          </double-array>
          <double-array>
            <double>0.24107142857142858</double>
            <double>0.7</double>
            <double>0.1</double>
          </double-array>
          <double-array>
            <double>0.8645833333333334</double>
            <double>0.7</double>
            <double>0.1</double>
          </double-array>
          <double-array>
            <double>0.6160714285714286</double>
            <double>0.7</double>
            <double>0.1</double>
          </double-array>
          <double-array>
            <double>0.20386904761904762</double>
            <double>0.7</double>
            <double>0.1</double>
          </double-array>
          <double-array>
            <double>0.8497023809523809</double>
            <double>0.7</double>
            <double>0.1</double>
          </double-array>
          <double-array>
            <double>0.6428571428571429</double>
            <double>0.7</double>
            <double>0.1</double>
          </double-array>
          <double-array>
            <double>0.23363095238095238</double>
            <double>0.7</double>
            <double>0.1</double>
          </double-array>
          <double-array>
            <double>0.17261904761904762</double>
            <double>0.7</double>
            <double>0.1</double>
          </double-array>
          <double-array>
            <double>0.8273809523809523</double>
            <double>0.7</double>
            <double>0.1</double>
          </double-array>
          <double-array>
            <double>0.5580357142857143</double>
            <double>0.7</double>
            <double>0.1</double>
          </double-array>
          <double-array>
            <double>0.34672619047619047</double>
            <double>0.7</double>
            <double>0.1</double>
          </double-array>
          <double-array>
            <double>0.7202380952380952</double>
            <double>0.7</double>
            <double>0.1</double>
          </double-array>
          <double-array>
            <double>0.23214285714285715</double>
            <double>0.7</double>
            <double>0.1</double>
          </double-array>
          <double-array>
            <double>0.78125</double>
            <double>0.7</double>
            <double>0.1</double>
          </double-array>
          <double-array>
            <double>0.23363095238095238</double>
            <double>0.7</double>
            <double>0.1</double>
          </double-array>
          <double-array>
            <double>1.0</double>
            <double>0.7</double>
            <double>0.02</double>
          </double-array>
          <double-array>
            <double>0.9047619047619048</double>
            <double>0.7</double>
            <double>0.02</double>
          </double-array>
          <double-array>
            <double>0.29017857142857145</double>
            <double>0.7</double>
            <double>0.02</double>
          </double-array>
          <double-array>
            <double>0.41369047619047616</double>
            <double>0.7</double>
            <double>0.02</double>
          </double-array>
          <double-array>
            <double>0.9047619047619048</double>
            <double>0.7</double>
            <double>0.02</double>
          </double-array>
          <double-array>
            <double>0.41369047619047616</double>
            <double>0.7</double>
            <double>0.02</double>
          </double-array>
          <double-array>
            <double>0.29017857142857145</double>
            <double>0.7</double>
            <double>0.02</double>
          </double-array>
          <double-array>
            <double>1.0</double>
            <double>0.7</double>
            <double>0.02</double>
          </double-array>
          <double-array>
            <double>0.29017857142857145</double>
            <double>0.7</double>
            <double>0.02</double>
          </double-array>
          <double-array>
            <double>0.41369047619047616</double>
            <double>0.7</double>
            <double>0.02</double>
          </double-array>
          <double-array>
            <double>0.9047619047619048</double>
            <double>0.7</double>
            <double>0.02</double>
          </double-array>
          <double-array>
            <double>1.0</double>
            <double>0.7</double>
            <double>0.02</double>
          </double-array>
          <double-array>
            <double>1.0</double>
            <double>0.7</double>
            <double>0.02</double>
          </double-array>
          <double-array>
            <double>0.9047619047619048</double>
            <double>0.7</double>
            <double>0.02</double>
          </double-array>
          <double-array>
            <double>0.41369047619047616</double>
            <double>0.7</double>
            <double>0.02</double>
          </double-array>
          <double-array>
            <double>0.29017857142857145</double>
            <double>0.7</double>
            <double>0.02</double>
          </double-array>
          <double-array>
            <double>1.0</double>
            <double>0.7</double>
            <double>0.02</double>
          </double-array>
          <double-array>
            <double>0.9047619047619048</double>
            <double>0.7</double>
            <double>0.02</double>
          </double-array>
          <double-array>
            <double>0.29017857142857145</double>
            <double>0.7</double>
            <double>0.02</double>
          </double-array>
          <double-array>
            <double>0.41369047619047616</double>
            <double>0.7</double>
            <double>0.02</double>
          </double-array>
          <double-array>
            <double>0.41369047619047616</double>
            <double>0.7</double>
            <double>0.02</double>
          </double-array>
          <double-array>
            <double>0.9047619047619048</double>
            <double>0.7</double>
            <double>0.02</double>
          </double-array>
          <double-array>
            <double>1.0</double>
            <double>0.7</double>
            <double>0.02</double>
          </double-array>
          <double-array>
            <double>0.29017857142857145</double>
            <double>0.7</double>
            <double>0.02</double>
          </double-array>
        </inputData>
        <targetData>
          <double-array>
            <double>0.6791530944625407</double>
          </double-array>
          <double-array>
            <double>0.9006514657980456</double>
          </double-array>
          <double-array>
            <double>0.12866449511400652</double>
          </double-array>
          <double-array>
            <double>0.10260586319218241</double>
          </double-array>
          <double-array>
            <double>0.2915309446254072</double>
          </double-array>
          <double-array>
            <double>0.7931596091205212</double>
          </double-array>
          <double-array>
            <double>1.0</double>
          </double-array>
          <double-array>
            <double>0.10749185667752444</double>
          </double-array>
          <double-array>
            <double>0.008143322475570033</double>
          </double-array>
          <double-array>
            <double>0.21009771986970685</double>
          </double-array>
          <double-array>
            <double>0.7996742671009772</double>
          </double-array>
          <double-array>
            <double>0.5814332247557004</double>
          </double-array>
          <double-array>
            <double>0.6563517915309446</double>
          </double-array>
          <double-array>
            <double>0.7361563517915309</double>
          </double-array>
          <double-array>
            <double>0.13680781758957655</double>
          </double-array>
          <double-array>
            <double>0.03745928338762215</double>
          </double-array>
          <double-array>
            <double>0.1775244299674267</double>
          </double-array>
          <double-array>
            <double>0.05374592833876222</double>
          </double-array>
          <double-array>
            <double>0.44136807817589574</double>
          </double-array>
          <double-array>
            <double>0.6254071661237784</double>
          </double-array>
          <double-array>
            <double>0.8241042345276873</double>
          </double-array>
          <double-array>
            <double>0.15146579804560262</double>
          </double-array>
          <double-array>
            <double>0.0</double>
          </double-array>
          <double-array>
            <double>0.31596091205211724</double>
          </double-array>
          <double-array>
            <double>0.8127035830618893</double>
          </double-array>
          <double-array>
            <double>0.41368078175895767</double>
          </double-array>
          <double-array>
            <double>0.7100977198697068</double>
          </double-array>
          <double-array>
            <double>0.18403908794788273</double>
          </double-array>
          <double-array>
            <double>0.8420195439739414</double>
          </double-array>
          <double-array>
            <double>0.24267100977198697</double>
          </double-array>
          <double-array>
            <double>0.2785016286644951</double>
          </double-array>
          <double-array>
            <double>0.6123778501628665</double>
          </double-array>
          <double-array>
            <double>0.6188925081433225</double>
          </double-array>
          <double-array>
            <double>0.10586319218241043</double>
          </double-array>
          <double-array>
            <double>0.26058631921824105</double>
          </double-array>
          <double-array>
            <double>0.8697068403908795</double>
          </double-array>
          <double-array>
            <double>0.2736156351791531</double>
          </double-array>
          <double-array>
            <double>0.6775244299674267</double>
          </double-array>
          <double-array>
            <double>0.2182410423452769</double>
          </double-array>
          <double-array>
            <double>0.8403908794788274</double>
          </double-array>
          <double-array>
            <double>0.7931596091205212</double>
          </double-array>
          <double-array>
            <double>0.7296416938110749</double>
          </double-array>
          <double-array>
            <double>0.10097719869706841</double>
          </double-array>
          <double-array>
            <double>0.10749185667752444</double>
          </double-array>
          <double-array>
            <double>0.3941368078175896</double>
          </double-array>
          <double-array>
            <double>0.8501628664495114</double>
          </double-array>
          <double-array>
            <double>0.8550488599348535</double>
          </double-array>
          <double-array>
            <double>0.10260586319218241</double>
          </double-array>
          <double-array>
            <double>0.7100977198697068</double>
          </double-array>
          <double-array>
            <double>0.18403908794788273</double>
          </double-array>
          <double-array>
            <double>0.41368078175895767</double>
          </double-array>
          <double-array>
            <double>0.8127035830618893</double>
          </double-array>
          <double-array>
            <double>0.6123778501628665</double>
          </double-array>
          <double-array>
            <double>0.8420195439739414</double>
          </double-array>
          <double-array>
            <double>0.2785016286644951</double>
          </double-array>
          <double-array>
            <double>0.24267100977198697</double>
          </double-array>
          <double-array>
            <double>0.6188925081433225</double>
          </double-array>
          <double-array>
            <double>0.8697068403908795</double>
          </double-array>
          <double-array>
            <double>0.26058631921824105</double>
          </double-array>
          <double-array>
            <double>0.10586319218241043</double>
          </double-array>
          <double-array>
            <double>0.2182410423452769</double>
          </double-array>
          <double-array>
            <double>0.6775244299674267</double>
          </double-array>
          <double-array>
            <double>0.8403908794788274</double>
          </double-array>
          <double-array>
            <double>0.2736156351791531</double>
          </double-array>
          <double-array>
            <double>0.10097719869706841</double>
          </double-array>
          <double-array>
            <double>0.10749185667752444</double>
          </double-array>
          <double-array>
            <double>0.7296416938110749</double>
          </double-array>
          <double-array>
            <double>0.7931596091205212</double>
          </double-array>
          <double-array>
            <double>0.8501628664495114</double>
          </double-array>
          <double-array>
            <double>0.10260586319218241</double>
          </double-array>
          <double-array>
            <double>0.8550488599348535</double>
          </double-array>
          <double-array>
            <double>0.3941368078175896</double>
          </double-array>
          <double-array>
            <double>0.41368078175895767</double>
          </double-array>
          <double-array>
            <double>0.18403908794788273</double>
          </double-array>
          <double-array>
            <double>0.8127035830618893</double>
          </double-array>
          <double-array>
            <double>0.7100977198697068</double>
          </double-array>
          <double-array>
            <double>0.6123778501628665</double>
          </double-array>
          <double-array>
            <double>0.8420195439739414</double>
          </double-array>
          <double-array>
            <double>0.24267100977198697</double>
          </double-array>
          <double-array>
            <double>0.2785016286644951</double>
          </double-array>
          <double-array>
            <double>0.6188925081433225</double>
          </double-array>
          <double-array>
            <double>0.10586319218241043</double>
          </double-array>
          <double-array>
            <double>0.26058631921824105</double>
          </double-array>
          <double-array>
            <double>0.8697068403908795</double>
          </double-array>
          <double-array>
            <double>0.2736156351791531</double>
          </double-array>
          <double-array>
            <double>0.2182410423452769</double>
          </double-array>
          <double-array>
            <double>0.8403908794788274</double>
          </double-array>
          <double-array>
            <double>0.6775244299674267</double>
          </double-array>
          <double-array>
            <double>0.10097719869706841</double>
          </double-array>
          <double-array>
            <double>0.10749185667752444</double>
          </double-array>
          <double-array>
            <double>0.7296416938110749</double>
          </double-array>
          <double-array>
            <double>0.7931596091205212</double>
          </double-array>
          <double-array>
            <double>0.8501628664495114</double>
          </double-array>
          <double-array>
            <double>0.8550488599348535</double>
          </double-array>
          <double-array>
            <double>0.10260586319218241</double>
          </double-array>
          <double-array>
            <double>0.3941368078175896</double>
          </double-array>
          <double-array>
            <double>0.7100977198697068</double>
          </double-array>
          <double-array>
            <double>0.41368078175895767</double>
          </double-array>
          <double-array>
            <double>0.8127035830618893</double>
          </double-array>
          <double-array>
            <double>0.18403908794788273</double>
          </double-array>
          <double-array>
            <double>0.8615635179153095</double>
          </double-array>
          <double-array>
            <double>0.6302931596091205</double>
          </double-array>
          <double-array>
            <double>0.28827361563517917</double>
          </double-array>
          <double-array>
            <double>0.4820846905537459</double>
          </double-array>
          <double-array>
            <double>0.3778501628664495</double>
          </double-array>
          <double-array>
            <double>0.23778501628664495</double>
          </double-array>
          <double-array>
            <double>0.7719869706840391</double>
          </double-array>
          <double-array>
            <double>0.8306188925081434</double>
          </double-array>
          <double-array>
            <double>0.2736156351791531</double>
          </double-array>
          <double-array>
            <double>0.8403908794788274</double>
          </double-array>
          <double-array>
            <double>0.6775244299674267</double>
          </double-array>
          <double-array>
            <double>0.2182410423452769</double>
          </double-array>
          <double-array>
            <double>0.10097719869706841</double>
          </double-array>
          <double-array>
            <double>0.7931596091205212</double>
          </double-array>
          <double-array>
            <double>0.7296416938110749</double>
          </double-array>
          <double-array>
            <double>0.10749185667752444</double>
          </double-array>
          <double-array>
            <double>0.7280130293159609</double>
          </double-array>
          <double-array>
            <double>0.3566775244299674</double>
          </double-array>
          <double-array>
            <double>0.9495114006514658</double>
          </double-array>
          <double-array>
            <double>0.2915309446254072</double>
          </double-array>
          <double-array>
            <double>0.7100977198697068</double>
          </double-array>
          <double-array>
            <double>0.41368078175895767</double>
          </double-array>
          <double-array>
            <double>0.8127035830618893</double>
          </double-array>
          <double-array>
            <double>0.18403908794788273</double>
          </double-array>
          <double-array>
            <double>0.8615635179153095</double>
          </double-array>
          <double-array>
            <double>0.6302931596091205</double>
          </double-array>
          <double-array>
            <double>0.28827361563517917</double>
          </double-array>
          <double-array>
            <double>0.4820846905537459</double>
          </double-array>
          <double-array>
            <double>0.3778501628664495</double>
          </double-array>
          <double-array>
            <double>0.23778501628664495</double>
          </double-array>
          <double-array>
            <double>0.7719869706840391</double>
          </double-array>
          <double-array>
            <double>0.8306188925081434</double>
          </double-array>
          <double-array>
            <double>0.2736156351791531</double>
          </double-array>
          <double-array>
            <double>0.8403908794788274</double>
          </double-array>
          <double-array>
            <double>0.6775244299674267</double>
          </double-array>
          <double-array>
            <double>0.2182410423452769</double>
          </double-array>
          <double-array>
            <double>0.10097719869706841</double>
          </double-array>
          <double-array>
            <double>0.7931596091205212</double>
          </double-array>
          <double-array>
            <double>0.7296416938110749</double>
          </double-array>
          <double-array>
            <double>0.10749185667752444</double>
          </double-array>
          <double-array>
            <double>0.7280130293159609</double>
          </double-array>
          <double-array>
            <double>0.3566775244299674</double>
          </double-array>
          <double-array>
            <double>0.9495114006514658</double>
          </double-array>
          <double-array>
            <double>0.2915309446254072</double>
          </double-array>
        </targetData>
        <percentValidation>0.25</percentValidation>
      </trainingSet>
    </org.simbrain.network.subnetworks.BackpropNetwork>
  </groupList>
  <textList/>
  <updateManager>
    <actionList>
      <org.simbrain.network.update__actions.BufferedUpdate>
        <network reference="../../../.."/>
      </org.simbrain.network.update__actions.BufferedUpdate>
      <org.simbrain.network.update__actions.UpdateGroup>
        <group class="org.simbrain.network.subnetworks.BackpropNetwork" reference="../../../../groupList/org.simbrain.network.subnetworks.BackpropNetwork"/>
      </org.simbrain.network.update__actions.UpdateGroup>
    </actionList>
    <network reference="../.."/>
  </updateManager>
  <time>0.0</time>
  <timeStep>0.1</timeStep>
  <timeType>DISCRETE</timeType>
  <prioritySortedNeuronList/>
  <priorityComparator>
    <outer-class reference="../.."/>
  </priorityComparator>
  <neuronIdGenerator>
    <rootName>Neuron</rootName>
    <index>17</index>
  </neuronIdGenerator>
  <synapseIdGenerator>
    <rootName>Synapse</rootName>
    <index>121</index>
  </synapseIdGenerator>
  <groupIdGenerator>
    <rootName>Group</rootName>
    <index>9</index>
  </groupIdGenerator>
  <fireUpdates>true</fireUpdates>
  <name>Network1</name>
</org.simbrain.network.core.Network>