0.817,1.408,3.015,6.802,9,11.198,14.985,16.592,17.183,0,0,0,0,0,0,0,0,0,0,0,0,0,0,0,0,0,0,0,0,0
0.39,0.463,0.623,0.9,1.345,2.044,2.563,3,3.437,3.956,4.655,5.1,5.377,5.537,5.61,0,0,0,0,0,0,0,0,0,0,0,0,0,0,0
1.064,1.491,2.515,4.549,6,7.451,9.485,10.509,10.936,0,0,0,0,0,0,0,0,0,0,0,0,0,0,0,0,0,0,0,0,0
0.316,0.387,0.544,0.822,1.284,2.032,2.565,3,3.435,3.968,4.716,5.178,5.456,5.613,5.684,0,0,0,0,0,0,0,0,0,0,0,0,0,0,0
1.121,1.17,1.272,1.429,1.649,1.942,2.32,2.801,3.229,3.623,4,4.377,4.771,5.199,5.68,6.058,6.351,6.571,6.728,6.83,6.879,0,0,0,0,0,0,0,0,0
0.157,0.25,0.489,1.016,2.141,2.761,3.239,3.859,4.984,5.511,5.75,5.843,0,0,0,0,0,0,0,0,0,0,0,0,0,0,0,0,0,0
1.442,1.532,1.718,2.012,2.431,2.814,3.186,3.569,3.988,4.282,4.468,4.558,0,0,0,0,0,0,0,0,0,0,0,0,0,0,0,0,0,0
0.212,0.273,0.415,0.677,1.137,1.929,3.283,4.136,4.738,5.262,5.864,6.717,8.071,8.863,9.323,9.585,9.727,9.788,0,0,0,0,0,0,0,0,0,0,0,0
0.975,1.172,1.607,2.368,3.607,4.565,5.435,6.393,7.632,8.393,8.828,9.025,0,0,0,0,0,0,0,0,0,0,0,0,0,0,0,0,0,0
0.37,0.586,1.145,2.375,4.995,6.441,7.559,9.005,11.625,12.855,13.414,13.63,0,0,0,0,0,0,0,0,0,0,0,0,0,0,0,0,0,0
0.359,0.552,1.042,2.092,4.267,5.51,6.49,7.733,9.908,10.958,11.448,11.641,0,0,0,0,0,0,0,0,0,0,0,0,0,0,0,0,0,0
0.025,0.048,0.113,0.278,0.693,1.726,4.3,5.355,5.834,6.166,6.645,7.7,10.274,11.307,11.722,11.887,11.952,11.975,0,0,0,0,0,0,0,0,0,0,0,0
0.06,0.11,0.253,0.609,1.476,3.584,4.501,5,5.499,6.416,8.524,9.391,9.747,9.89,9.94,0,0,0,0,0,0,0,0,0,0,0,0,0,0,0
0.325,0.466,0.81,1.508,2.862,5.463,6.958,8,9.042,10.537,13.138,14.492,15.19,15.534,15.675,0,0,0,0,0,0,0,0,0,0,0,0,0,0,0
0.199,0.26,0.398,0.658,1.116,1.912,3.287,4.143,4.741,5.259,5.857,6.713,8.088,8.884,9.342,9.602,9.74,9.801,0,0,0,0,0,0,0,0,0,0,0,0
0.174,0.243,0.408,0.735,1.354,2.51,4.663,5.889,6.673,7.327,8.111,9.337,11.49,12.646,13.265,13.592,13.757,13.826,0,0,0,0,0,0,0,0,0,0,0,0
0.216,0.255,0.341,0.49,0.727,1.098,1.67,2.546,3.157,3.614,4,4.386,4.843,5.454,6.33,6.902,7.273,7.51,7.659,7.745,7.784,0,0,0,0,0,0,0,0,0
0.351,0.472,0.755,1.298,2.287,4.064,5.174,6,6.826,7.936,9.713,10.702,11.245,11.528,11.649,0,0,0,0,0,0,0,0,0,0,0,0,0,0,0
0.23,0.296,0.445,0.722,1.203,2.027,2.574,3,3.426,3.973,4.797,5.278,5.555,5.704,5.77,0,0,0,0,0,0,0,0,0,0,0,0,0,0,0
0.256,0.538,1.412,3.844,5,6.156,8.588,9.462,9.744,0,0,0,0,0,0,0,0,0,0,0,0,0,0,0,0,0,0,0,0,0
0.199,0.236,0.317,0.459,0.686,1.042,1.593,2.444,3.754,4.642,5.276,5.773,6.227,6.724,7.358,8.246,9.556,10.407,10.958,11.314,11.541,11.683,11.764,11.801,0,0,0,0,0,0
0.675,0.75,0.908,1.168,1.557,2.118,2.582,3,3.418,3.882,4.443,4.832,5.092,5.25,5.325,0,0,0,0,0,0,0,0,0,0,0,0,0,0,0
0.013,0.02,0.037,0.075,0.153,0.313,0.642,1.316,2.697,3.378,3.724,3.922,4.078,4.276,4.622,5.303,6.684,7.358,7.687,7.847,7.925,7.963,7.98,7.987,0,0,0,0,0,0
0.205,0.279,0.454,0.791,1.414,1.826,2.174,2.586,3.209,3.546,3.721,3.795,0,0,0,0,0,0,0,0,0,0,0,0,0,0,0,0,0,0
5.147,7,8.853,0,0,0,0,0,0,0,0,0,0,0,0,0,0,0,0,0,0,0,0,0,0,0,0,0,0,0
2.243,3.505,6.738,9.262,12.495,13.757,0,0,0,0,0,0,0,0,0,0,0,0,0,0,0,0,0,0,0,0,0,0,0,0
0.172,0.25,0.442,0.836,1.611,3.12,6.051,7.639,8.606,9.394,10.361,11.949,14.88,16.389,17.164,17.558,17.75,17.828,0,0,0,0,0,0,0,0,0,0,0,0
0.83,0.905,1.061,1.313,1.683,2.204,2.924,3.907,4.701,5.378,6,6.622,7.299,8.093,9.076,9.796,10.317,10.687,10.939,11.095,11.17,0,0,0,0,0,0,0,0,0
0.315,0.468,0.847,1.153,1.532,1.685,0,0,0,0,0,0,0,0,0,0,0,0,0,0,0,0,0,0,0,0,0,0,0,0
0.06,0.119,0.294,0.758,1.964,5.096,6.361,7,7.639,8.904,12.036,13.242,13.706,13.881,13.94,0,0,0,0,0,0,0,0,0,0,0,0,0,0,0
0.388,0.513,0.802,1.349,2.33,4.058,5.164,6,6.836,7.942,9.67,10.651,11.198,11.487,11.612,0,0,0,0,0,0,0,0,0,0,0,0,0,0,0
4.94,4.947,4.96,4.98,5,5.02,5.04,5.053,5.06,0,0,0,0,0,0,0,0,0,0,0,0,0,0,0,0,0,0,0,0,0
0.078,0.142,0.32,0.758,1,1.242,1.68,1.858,1.922,0,0,0,0,0,0,0,0,0,0,0,0,0,0,0,0,0,0,0,0,0
1.63,2,2.37,0,0,0,0,0,0,0,0,0,0,0,0,0,0,0,0,0,0,0,0,0,0,0,0,0,0,0
1.48,2.451,5.029,6.971,9.549,10.52,0,0,0,0,0,0,0,0,0,0,0,0,0,0,0,0,0,0,0,0,0,0,0,0
1.452,1.555,1.769,2.109,2.598,3.272,4.179,4.957,5.66,6.34,7.043,7.821,8.728,9.402,9.891,10.231,10.445,10.548,0,0,0,0,0,0,0,0,0,0,0,0
0.097,0.132,0.215,0.374,0.669,1.204,2.173,3.924,4.928,5.546,6,6.454,7.072,8.076,9.827,10.796,11.331,11.626,11.785,11.868,11.903,0,0,0,0,0,0,0,0,0
0.13,0.19,0.338,0.642,1.243,2.418,4.712,5.947,6.696,7.304,8.053,9.288,11.582,12.757,13.358,13.662,13.81,13.87,0,0,0,0,0,0,0,0,0,0,0,0
0.149,0.409,1.383,4.766,6,7.234,10.617,11.591,11.851,0,0,0,0,0,0,0,0,0,0,0,0,0,0,0,0,0,0,0,0,0
0.095,0.152,0.298,0.621,1.313,2.783,3.53,4,4.47,5.217,6.687,7.379,7.702,7.848,7.905,0,0,0,0,0,0,0,0,0,0,0,0,0,0,0
0.136,0.332,1.006,3.13,4,4.87,6.994,7.668,7.864,0,0,0,0,0,0,0,0,0,0,0,0,0,0,0,0,0,0,0,0,0
0.001,0.002,0.005,0.015,0.048,0.15,0.467,1.457,4.544,5.535,5.855,5.967,6.033,6.145,6.465,7.456,10.543,11.533,11.85,11.952,11.985,11.995,11.998,11.999,0,0,0,0,0,0
1.116,1.612,2.824,5.292,7,8.708,11.176,12.388,12.884,0,0,0,0,0,0,0,0,0,0,0,0,0,0,0,0,0,0,0,0,0
0.933,1.082,1.405,1.952,2.812,4.121,5.13,6,6.87,7.879,9.188,10.048,10.595,10.918,11.067,0,0,0,0,0,0,0,0,0,0,0,0,0,0,0
0.373,0.518,0.864,1.545,2.827,3.654,4.346,5.173,6.455,7.136,7.482,7.627,0,0,0,0,0,0,0,0,0,0,0,0,0,0,0,0,0,0
1.099,1.373,1.991,3.107,4,4.893,6.009,6.627,6.901,0,0,0,0,0,0,0,0,0,0,0,0,0,0,0,0,0,0,0,0,0
4.141,4.311,4.658,5.195,5.946,6.653,7.347,8.054,8.805,9.342,9.689,9.859,0,0,0,0,0,0,0,0,0,0,0,0,0,0,0,0,0,0
1.716,3.212,7.505,10.495,14.788,16.284,0,0,0,0,0,0,0,0,0,0,0,0,0,0,0,0,0,0,0,0,0,0,0,0
0.603,0.7,0.909,1.262,1.818,2.665,3.938,4.882,5.646,6.354,7.118,8.062,9.335,10.182,10.738,11.091,11.3,11.397,0,0,0,0,0,0,0,0,0,0,0,0
4.843,5,5.157,0,0,0,0,0,0,0,0,0,0,0,0,0,0,0,0,0,0,0,0,0,0,0,0,0,0,0
0.008,0.023,0.083,0.3,1.085,3.923,4.723,5,5.277,6.077,8.915,9.7,9.917,9.977,9.992,0,0,0,0,0,0,0,0,0,0,0,0,0,0,0
1.266,1.404,1.695,2.17,2.882,3.908,5.359,6.522,7.525,8.475,9.478,10.641,12.092,13.118,13.83,14.305,14.596,14.734,0,0,0,0,0,0,0,0,0,0,0,0
0.273,0.372,0.604,1.054,1.883,3.39,4.318,5,5.682,6.61,8.117,8.946,9.396,9.628,9.727,0,0,0,0,0,0,0,0,0,0,0,0,0,0,0
0.469,0.677,1.186,2.222,4.246,5.491,6.509,7.754,9.778,10.814,11.323,11.531,0,0,0,0,0,0,0,0,0,0,0,0,0,0,0,0,0,0
0.614,0.789,1.188,1.924,3.209,5.405,6.864,8,9.136,10.595,12.791,14.076,14.812,15.211,15.386,0,0,0,0,0,0,0,0,0,0,0,0,0,0,0
7.007,9,10.993,0,0,0,0,0,0,0,0,0,0,0,0,0,0,0,0,0,0,0,0,0,0,0,0,0,0,0
0.273,0.372,0.604,1.054,1.883,3.39,4.318,5,5.682,6.61,8.117,8.946,9.396,9.628,9.727,0,0,0,0,0,0,0,0,0,0,0,0,0,0,0
3.465,4.019,5.216,7.248,9,10.752,12.784,13.981,14.535,0,0,0,0,0,0,0,0,0,0,0,0,0,0,0,0,0,0,0,0,0
0.259,0.342,0.535,0.9,1.553,2.706,3.442,4,4.558,5.294,6.447,7.1,7.465,7.658,7.741,0,0,0,0,0,0,0,0,0,0,0,0,0,0,0
1.021,1.848,4.173,5.827,8.152,8.979,0,0,0,0,0,0,0,0,0,0,0,0,0,0,0,0,0,0,0,0,0,0,0,0
1.318,1.464,1.773,2.279,3.038,3.691,4.309,4.962,5.721,6.227,6.536,6.682,0,0,0,0,0,0,0,0,0,0,0,0,0,0,0,0,0,0
0.775,0.876,1.09,1.445,1.988,2.788,3.431,4,4.569,5.212,6.012,6.555,6.91,7.124,7.225,0,0,0,0,0,0,0,0,0,0,0,0,0,0,0
1.02,2.02,5,7,9.98,10.98,0,0,0,0,0,0,0,0,0,0,0,0,0,0,0,0,0,0,0,0,0,0,0,0
0.269,0.379,0.644,1.173,2.183,4.086,5.206,6,6.794,7.914,9.817,10.827,11.356,11.621,11.731,0,0,0,0,0,0,0,0,0,0,0,0,0,0,0
0.423,0.551,0.845,1.395,2.367,4.055,5.155,6,6.845,7.945,9.633,10.605,11.155,11.449,11.577,0,0,0,0,0,0,0,0,0,0,0,0,0,0,0
0.378,0.472,0.685,1.068,1.719,2.799,4.579,5.753,6.616,7.384,8.247,9.421,11.201,12.281,12.932,13.315,13.528,13.622,0,0,0,0,0,0,0,0,0,0,0,0
0.272,0.482,1.065,2.474,5.798,7.417,8.583,10.202,13.526,14.935,15.518,15.728,0,0,0,0,0,0,0,0,0,0,0,0,0,0,0,0,0,0
0.407,0.484,0.651,0.941,1.407,2.138,3.27,4.077,4.71,5.29,5.923,6.73,7.862,8.593,9.059,9.349,9.516,9.593,0,0,0,0,0,0,0,0,0,0,0,0
0.085,0.131,0.247,0.496,1.012,2.073,2.635,3,3.365,3.927,4.988,5.504,5.753,5.869,5.915,0,0,0,0,0,0,0,0,0,0,0,0,0,0,0
0.008,0.018,0.053,0.161,0.489,1.487,4.521,5.529,5.892,6.108,6.471,7.479,10.513,11.511,11.839,11.947,11.982,11.992,0,0,0,0,0,0,0,0,0,0,0,0
0.22,0.399,0.9,2.131,5.089,6.498,7.502,8.911,11.869,13.1,13.601,13.78,0,0,0,0,0,0,0,0,0,0,0,0,0,0,0,0,0,0
0.96,1.116,1.454,2.028,2.932,3.662,4.338,5.068,5.972,6.546,6.884,7.04,0,0,0,0,0,0,0,0,0,0,0,0,0,0,0,0,0,0
3.251,4,4.749,0,0,0,0,0,0,0,0,0,0,0,0,0,0,0,0,0,0,0,0,0,0,0,0,0,0,0
0.093,0.141,0.26,0.512,1.027,2.066,2.628,3,3.372,3.934,4.973,5.488,5.74,5.859,5.907,0,0,0,0,0,0,0,0,0,0,0,0,0,0,0
0.669,0.742,0.895,1.146,1.522,1.846,2.154,2.478,2.854,3.105,3.258,3.331,0,0,0,0,0,0,0,0,0,0,0,0,0,0,0,0,0,0
0.099,0.139,0.233,0.42,0.774,1.435,2.665,3.365,3.813,4.187,4.635,5.335,6.565,7.226,7.58,7.767,7.861,7.901,0,0,0,0,0,0,0,0,0,0,0,0
0.018,0.03,0.064,0.14,0.312,0.695,1.552,3.466,4.335,4.752,5,5.248,5.665,6.534,8.448,9.305,9.688,9.86,9.936,9.97,9.982,0,0,0,0,0,0,0,0,0
2.585,2.933,3.675,4.911,6,7.089,8.325,9.067,9.415,0,0,0,0,0,0,0,0,0,0,0,0,0,0,0,0,0,0,0,0,0
0.133,0.199,0.362,0.702,1.385,2.748,3.497,4,4.503,5.252,6.615,7.298,7.638,7.801,7.867,0,0,0,0,0,0,0,0,0,0,0,0,0,0,0
0.039,0.07,0.159,0.375,0.896,2.143,2.695,3,3.305,3.857,5.104,5.625,5.841,5.93,5.961,0,0,0,0,0,0,0,0,0,0,0,0,0,0,0
0.233,0.308,0.484,0.817,1.416,1.824,2.176,2.584,3.183,3.516,3.692,3.767,0,0,0,0,0,0,0,0,0,0,0,0,0,0,0,0,0,0
0.537,0.69,1.039,1.684,2.808,4.73,6.006,7,7.994,9.27,11.192,12.316,12.961,13.31,13.463,0,0,0,0,0,0,0,0,0,0,0,0,0,0,0
0.036,0.064,0.141,0.328,0.768,1.803,4.233,5.296,5.813,6.187,6.704,7.767,10.197,11.232,11.672,11.859,11.936,11.964,0,0,0,0,0,0,0,0,0,0,0,0
0.115,0.133,0.173,0.24,0.346,0.508,0.75,1.113,1.653,2.458,3.657,4.48,5.06,5.49,5.839,6.161,6.51,6.94,7.52,8.343,9.542,10.347,10.887,11.25,11.492,11.654,11.76,11.827,11.867,11.885
0.003,0.006,0.016,0.044,0.127,0.362,1.037,2.966,3.643,3.889,4,4.111,4.357,5.034,6.963,7.638,7.873,7.956,7.984,7.994,7.997,0,0,0,0,0,0,0,0,0
0.427,0.583,0.952,1.67,3,5.427,6.913,8,9.087,10.573,13,14.33,15.048,15.417,15.573,0,0,0,0,0,0,0,0,0,0,0,0,0,0,0
0.651,0.875,1.4,2.408,4.243,5.475,6.525,7.757,9.592,10.6,11.125,11.349,0,0,0,0,0,0,0,0,0,0,0,0,0,0,0,0,0,0
0.249,0.281,0.349,0.463,0.637,0.894,1.266,1.803,2.573,3.676,4.478,5.083,5.57,6,6.43,6.917,7.522,8.324,9.427,10.197,10.734,11.106,11.363,11.537,11.651,11.719,11.751,0,0,0
0.002,0.004,0.011,0.029,0.078,0.214,0.587,1.606,4.396,5.417,5.796,5.95,6.05,6.204,6.583,7.604,10.394,11.413,11.786,11.922,11.971,11.989,11.996,11.998,0,0,0,0,0,0
5.014,5.029,5.059,5.105,5.166,5.243,5.336,5.444,5.57,5.693,5.816,5.939,6.061,6.184,6.307,6.43,6.556,6.664,6.757,6.834,6.895,6.941,6.971,6.986,0,0,0,0,0,0
0.289,0.348,0.477,0.703,1.071,1.656,2.576,4.017,6.272,7.772,8.822,9.632,10.368,11.178,12.228,13.728,15.983,17.424,18.344,18.929,19.297,19.523,19.652,19.711,0,0,0,0,0,0
0.053,0.122,0.349,1.026,3.028,3.773,4.227,4.972,6.974,7.651,7.878,7.947,0,0,0,0,0,0,0,0,0,0,0,0,0,0,0,0,0,0
0.014,0.019,0.032,0.057,0.105,0.193,0.356,0.658,0.826,0.927,1,1.073,1.174,1.342,1.644,1.807,1.895,1.943,1.968,1.981,1.986,0,0,0,0,0,0,0,0,0
0.489,0.581,0.781,1.129,1.689,2.565,3.924,4.892,5.652,6.348,7.108,8.076,9.435,10.311,10.871,11.219,11.419,11.511,0,0,0,0,0,0,0,0,0,0,0,0
0.916,1.028,1.266,1.66,2.256,2.762,3.238,3.744,4.34,4.734,4.972,5.084,0,0,0,0,0,0,0,0,0,0,0,0,0,0,0,0,0,0
1.183,1.269,1.448,1.732,2.143,2.709,3.474,4.126,4.716,5.284,5.874,6.526,7.291,7.857,8.268,8.552,8.731,8.817,0,0,0,0,0,0,0,0,0,0,0,0
0.156,0.267,0.568,1.273,2.883,3.699,4.301,5.117,6.727,7.432,7.733,7.844,0,0,0,0,0,0,0,0,0,0,0,0,0,0,0,0,0,0
0.513,0.698,1.134,1.978,3.535,4.564,5.436,6.465,8.022,8.866,9.302,9.487,0,0,0,0,0,0,0,0,0,0,0,0,0,0,0,0,0,0
0.159,0.208,0.319,0.526,0.893,1.53,2.63,3.315,3.792,4.208,4.685,5.37,6.47,7.107,7.474,7.681,7.792,7.841,0,0,0,0,0,0,0,0,0,0,0,0
3.381,6,8.619,0,0,0,0,0,0,0,0,0,0,0,0,0,0,0,0,0,0,0,0,0,0,0,0,0,0,0
0.015,0.027,0.057,0.128,0.293,0.668,1.527,3.489,4.358,4.764,5,5.236,5.642,6.511,8.473,9.332,9.707,9.872,9.943,9.973,9.985,0,0,0,0,0,0,0,0,0
0.774,0.86,1.042,1.339,1.785,2.43,3.344,4.075,4.703,5.297,5.925,6.656,7.57,8.215,8.661,8.958,9.14,9.226,0,0,0,0,0,0,0,0,0,0,0,0
0.157,0.285,0.643,1.522,3.635,4.642,5.358,6.365,8.478,9.357,9.715,9.843,0,0,0,0,0,0,0,0,0,0,0,0,0,0,0,0,0,0
0.074,0.139,0.33,0.814,2.026,5.047,6.325,7,7.675,8.953,11.974,13.186,13.67,13.861,13.926,0,0,0,0,0,0,0,0,0,0,0,0,0,0,0
0.03,0.053,0.118,0.273,0.64,1.502,3.528,4.413,4.845,5.155,5.587,6.472,8.498,9.36,9.727,9.882,9.947,9.97,0,0,0,0,0,0,0,0,0,0,0,0
0.422,0.476,0.593,0.786,1.081,1.516,2.148,3.058,4.364,5.329,6.077,6.705,7.295,7.923,8.671,9.636,10.942,11.852,12.484,12.919,13.214,13.407,13.524,13.578,0,0,0,0,0,0
0.254,0.328,0.498,0.813,1.365,2.315,3.939,4.963,5.685,6.315,7.037,8.061,9.685,10.635,11.187,11.502,11.672,11.746,0,0,0,0,0,0,0,0,0,0,0,0
0.311,0.382,0.539,0.82,1.286,2.044,3.267,4.096,4.72,5.28,5.904,6.733,7.956,8.714,9.18,9.461,9.618,9.689,0,0,0,0,0,0,0,0,0,0,0,0
0.09,0.127,0.214,0.386,0.714,1.328,2.475,4.615,5.798,6.5,7,7.5,8.202,9.385,11.525,12.672,13.286,13.614,13.786,13.873,13.91,0,0,0,0,0,0,0,0,0
0.234,0.348,0.633,1.228,2.424,4.809,6.12,7,7.88,9.191,11.576,12.772,13.367,13.652,13.766,0,0,0,0,0,0,0,0,0,0,0,0,0,0,0
0.042,0.073,0.157,0.353,0.806,1.84,4.203,5.268,5.803,6.197,6.732,7.797,10.16,11.194,11.647,11.843,11.927,11.958,0,0,0,0,0,0,0,0,0,0,0,0
0.16,0.208,0.319,0.527,0.894,1.531,2.632,4.528,5.677,6.425,7,7.575,8.323,9.472,11.368,12.469,13.106,13.473,13.681,13.792,13.84,0,0,0,0,0,0,0,0,0
0.974,1.081,1.304,1.67,2,2.33,2.696,2.919,3.026,0,0,0,0,0,0,0,0,0,0,0,0,0,0,0,0,0,0,0,0,0
0.56,0.636,0.797,1.064,1.476,2.085,2.571,3,3.429,3.915,4.524,4.936,5.203,5.364,5.44,0,0,0,0,0,0,0,0,0,0,0,0,0,0,0
0.11,0.157,0.27,0.497,0.934,1.766,3.344,4.223,4.773,5.227,5.777,6.656,8.234,9.066,9.503,9.73,9.843,9.89,0,0,0,0,0,0,0,0,0,0,0,0
2.918,2.948,3.006,3.095,3.215,3.366,3.552,3.733,3.911,4.089,4.267,4.448,4.634,4.785,4.905,4.994,5.052,5.082,0,0,0,0,0,0,0,0,0,0,0,0
0.062,0.102,0.206,0.443,0.963,2.099,2.659,3,3.341,3.901,5.037,5.557,5.794,5.898,5.938,0,0,0,0,0,0,0,0,0,0,0,0,0,0,0
0.026,0.106,0.514,2.512,3,3.488,5.486,5.894,5.974,0,0,0,0,0,0,0,0,0,0,0,0,0,0,0,0,0,0,0,0,0
3.587,3.731,4.024,4.477,5.11,5.707,6.293,6.89,7.523,7.976,8.269,8.413,0,0,0,0,0,0,0,0,0,0,0,0,0,0,0,0,0,0
0.017,0.039,0.113,0.337,1.007,3.01,3.702,4,4.298,4.99,6.993,7.663,7.887,7.961,7.983,0,0,0,0,0,0,0,0,0,0,0,0,0,0,0
0.435,0.529,0.739,1.11,1.723,2.711,3.419,4,4.581,5.289,6.277,6.89,7.261,7.471,7.565,0,0,0,0,0,0,0,0,0,0,0,0,0,0,0
2.054,2.091,2.164,2.277,2.429,2.625,2.814,3,3.186,3.375,3.571,3.723,3.836,3.909,3.946,0,0,0,0,0,0,0,0,0,0,0,0,0,0,0
2.31,2.679,3.478,4.832,6,7.168,8.522,9.321,9.69,0,0,0,0,0,0,0,0,0,0,0,0,0,0,0,0,0,0,0,0,0
0.792,1.023,1.553,2.535,4.257,5.47,6.53,7.743,9.465,10.447,10.977,11.208,0,0,0,0,0,0,0,0,0,0,0,0,0,0,0,0,0,0
0.118,0.17,0.298,0.559,1.067,2.05,2.612,3,3.388,3.95,4.933,5.441,5.702,5.83,5.882,0,0,0,0,0,0,0,0,0,0,0,0,0,0,0
4.218,6,7.782,0,0,0,0,0,0,0,0,0,0,0,0,0,0,0,0,0,0,0,0,0,0,0,0,0,0,0
0.616,0.838,1.361,2.374,4.242,5.477,6.523,7.758,9.626,10.639,11.162,11.384,0,0,0,0,0,0,0,0,0,0,0,0,0,0,0,0,0,0
1.314,1.408,1.601,1.909,2.352,2.962,3.499,4,4.501,5.038,5.648,6.091,6.399,6.592,6.686,0,0,0,0,0,0,0,0,0,0,0,0,0,0,0
0.028,0.046,0.095,0.206,0.453,0.997,2.195,4.833,6.049,6.642,7,7.358,7.951,9.167,11.805,13.003,13.547,13.794,13.905,13.954,13.972,0,0,0,0,0,0,0,0,0
0.078,0.149,0.354,0.88,2.199,2.795,3.205,3.801,5.12,5.646,5.851,5.922,0,0,0,0,0,0,0,0,0,0,0,0,0,0,0,0,0,0
0.021,0.037,0.078,0.177,0.403,0.92,2.101,2.634,2.902,3.098,3.366,3.899,5.08,5.597,5.823,5.922,5.963,5.979,0,0,0,0,0,0,0,0,0,0,0,0
2.085,2.19,2.407,2.745,3.222,3.863,4.445,5,5.555,6.137,6.778,7.255,7.593,7.81,7.915,0,0,0,0,0,0,0,0,0,0,0,0,0,0,0
0.211,0.275,0.423,0.698,1.184,2.028,2.578,3,3.422,3.972,4.816,5.302,5.577,5.725,5.789,0,0,0,0,0,0,0,0,0,0,0,0,0,0,0
1.459,1.648,2.051,2.719,3.74,4.597,5.403,6.26,7.281,7.949,8.352,8.541,0,0,0,0,0,0,0,0,0,0,0,0,0,0,0,0,0,0
2.203,2.489,3.097,4.106,5,5.894,6.903,7.511,7.797,0,0,0,0,0,0,0,0,0,0,0,0,0,0,0,0,0,0,0,0,0
0.156,0.361,1.045,3.111,4,4.889,6.955,7.639,7.844,0,0,0,0,0,0,0,0,0,0,0,0,0,0,0,0,0,0,0,0,0
2.391,2.458,2.592,2.799,3,3.201,3.408,3.542,3.609,0,0,0,0,0,0,0,0,0,0,0,0,0,0,0,0,0,0,0,0,0
0.001,0.001,0.003,0.007,0.018,0.048,0.124,0.322,0.835,2.166,2.679,2.879,2.959,3,3.041,3.121,3.321,3.834,5.165,5.678,5.876,5.952,5.982,5.993,5.997,5.999,5.999,0,0,0
0.026,0.042,0.085,0.183,0.398,0.868,1.894,4.132,5.174,5.687,6,6.313,6.826,7.868,10.106,11.132,11.602,11.817,11.915,11.958,11.974,0,0,0,0,0,0,0,0,0
0.08,0.115,0.2,0.373,0.708,0.915,1.085,1.292,1.627,1.8,1.885,1.92,0,0,0,0,0,0,0,0,0,0,0,0,0,0,0,0,0,0
0.422,0.476,0.593,0.786,1.081,1.516,2.148,3.058,4.364,5.329,6.077,6.705,7.295,7.923,8.671,9.636,10.942,11.852,12.484,12.919,13.214,13.407,13.524,13.578,0,0,0,0,0,0
0.105,0.155,0.279,0.536,1.047,2.058,2.619,3,3.381,3.942,4.953,5.464,5.721,5.845,5.895,0,0,0,0,0,0,0,0,0,0,0,0,0,0,0
0.186,0.228,0.324,0.494,0.778,1.241,1.989,3.196,3.988,4.546,5,5.454,6.012,6.804,8.011,8.759,9.222,9.506,9.676,9.772,9.814,0,0,0,0,0,0,0,0,0
0.987,1.343,2.182,3.806,5,6.194,7.818,8.657,9.013,0,0,0,0,0,0,0,0,0,0,0,0,0,0,0,0,0,0,0,0,0
0.544,0.662,0.925,1.389,2.155,2.737,3.263,3.845,4.611,5.075,5.338,5.456,0,0,0,0,0,0,0,0,0,0,0,0,0,0,0,0,0,0
3.454,3.831,4.624,5.376,6.169,6.546,0,0,0,0,0,0,0,0,0,0,0,0,0,0,0,0,0,0,0,0,0,0,0,0
0.439,0.483,0.574,0.723,0.943,1.257,1.695,2.302,3.137,3.788,4.318,4.78,5.22,5.682,6.212,6.863,7.698,8.305,8.743,9.057,9.277,9.426,9.517,9.561,0,0,0,0,0,0
0.386,0.421,0.494,0.611,0.783,1.026,1.361,1.638,1.883,2.117,2.362,2.639,2.974,3.217,3.389,3.506,3.579,3.614,0,0,0,0,0,0,0,0,0,0,0,0
0.155,0.172,0.207,0.265,0.352,0.478,0.655,0.904,1.251,1.517,1.73,1.913,2.087,2.27,2.483,2.749,3.096,3.345,3.522,3.648,3.735,3.793,3.828,3.845,0,0,0,0,0,0
0.199,0.26,0.398,0.658,1.116,1.912,3.287,4.143,4.741,5.259,5.857,6.713,8.088,8.884,9.342,9.602,9.74,9.801,0,0,0,0,0,0,0,0,0,0,0,0
1.428,1.491,1.619,1.82,2.1,2.473,2.955,3.391,3.8,4.2,4.609,5.045,5.527,5.9,6.18,6.381,6.509,6.572,0,0,0,0,0,0,0,0,0,0,0,0
0.22,0.284,0.431,0.703,1.181,2.003,3.41,5.81,7.281,8.25,9,9.75,10.719,12.19,14.59,15.997,16.819,17.297,17.569,17.716,17.78,0,0,0,0,0,0,0,0,0
0.27,0.409,0.761,1.508,2,2.492,3.239,3.591,3.73,0,0,0,0,0,0,0,0,0,0,0,0,0,0,0,0,0,0,0,0,0
1.52,1.603,1.773,2.039,2.417,2.926,3.594,4.186,4.733,5.267,5.814,6.406,7.074,7.583,7.961,8.227,8.397,8.48,0,0,0,0,0,0,0,0,0,0,0,0
0.011,0.024,0.067,0.19,0.544,1.557,4.454,5.48,5.876,6.124,6.52,7.546,10.443,11.456,11.81,11.933,11.976,11.989,0,0,0,0,0,0,0,0,0,0,0,0
0.065,0.085,0.134,0.225,0.388,0.676,0.861,1,1.139,1.324,1.612,1.775,1.866,1.915,1.935,0,0,0,0,0,0,0,0,0,0,0,0,0,0,0
0.232,0.275,0.37,0.535,0.8,1.215,1.859,2.852,4.38,5.416,6.155,6.735,7.265,7.845,8.584,9.62,11.148,12.141,12.785,13.2,13.465,13.63,13.725,13.768,0,0,0,0,0,0
0.048,0.087,0.197,0.467,1.116,2.668,6.381,7.972,8.73,9.27,10.028,11.619,15.332,16.884,17.533,17.803,17.913,17.952,0,0,0,0,0,0,0,0,0,0,0,0
0.006,0.009,0.017,0.033,0.065,0.128,0.255,0.507,1.007,2,2.503,2.762,2.904,3,3.096,3.238,3.497,4,4.993,5.493,5.745,5.872,5.935,5.967,5.983,5.991,5.994,0,0,0
0.234,0.348,0.633,1.228,2.424,4.809,6.12,7,7.88,9.191,11.576,12.772,13.367,13.652,13.766,0,0,0,0,0,0,0,0,0,0,0,0,0,0,0
0,0,0,0.001,0.003,0.01,0.034,0.111,0.361,1.175,3.825,4.639,4.889,4.967,4.993,5.007,5.033,5.111,5.361,6.175,8.825,9.639,9.889,9.966,9.99,9.997,9.999,10,10,10
1.529,1.761,2.262,3.106,4.423,5.5,6.5,7.577,8.894,9.738,10.239,10.471,0,0,0,0,0,0,0,0,0,0,0,0,0,0,0,0,0,0
1.037,1.392,2.223,3.814,5,6.186,7.777,8.608,8.963,0,0,0,0,0,0,0,0,0,0,0,0,0,0,0,0,0,0,0,0,0
0.453,0.598,0.936,1.574,2.718,4.735,6.024,7,7.976,9.265,11.282,12.426,13.064,13.402,13.547,0,0,0,0,0,0,0,0,0,0,0,0,0,0,0
0.044,0.073,0.15,0.326,0.716,1.576,3.469,4.357,4.824,5.176,5.643,6.531,8.424,9.284,9.674,9.85,9.927,9.956,0,0,0,0,0,0,0,0,0,0,0,0
4.623,4.773,5.077,5.546,6,6.454,6.923,7.227,7.377,0,0,0,0,0,0,0,0,0,0,0,0,0,0,0,0,0,0,0,0,0
0.375,0.466,0.672,1.043,1.67,2.705,3.423,4,4.577,5.295,6.33,6.957,7.328,7.534,7.625,0,0,0,0,0,0,0,0,0,0,0,0,0,0,0
0.582,0.657,0.817,1.084,1.491,2.091,2.573,3,3.427,3.909,4.509,4.916,5.183,5.343,5.418,0,0,0,0,0,0,0,0,0,0,0,0,0,0,0
0.035,0.059,0.12,0.261,0.573,1.26,2.775,3.486,3.859,4.141,4.514,5.225,6.74,7.427,7.739,7.88,7.941,7.965,0,0,0,0,0,0,0,0,0,0,0,0
1.15,1.254,1.47,1.819,2.331,2.784,3.216,3.669,4.181,4.53,4.746,4.85,0,0,0,0,0,0,0,0,0,0,0,0,0,0,0,0,0,0
0.909,1.08,1.453,2.099,3.139,4.769,5.98,7,8.02,9.231,10.861,11.901,12.547,12.92,13.091,0,0,0,0,0,0,0,0,0,0,0,0,0,0,0
0.032,0.058,0.132,0.312,0.744,1.778,4.254,5.315,5.82,6.18,6.685,7.746,10.222,11.256,11.688,11.868,11.942,11.968,0,0,0,0,0,0,0,0,0,0,0,0
0.112,0.175,0.336,0.686,1.421,2.957,6.155,7.753,8.65,9.35,10.247,11.845,15.043,16.579,17.314,17.664,17.825,17.888,0,0,0,0,0,0,0,0,0,0,0,0
0.264,0.34,0.511,0.829,1.382,2.328,3.936,4.958,5.683,6.317,7.042,8.064,9.672,10.618,11.171,11.489,11.66,11.736,0,0,0,0,0,0,0,0,0,0,0,0
1.163,1.314,1.635,2.168,2.981,4.182,5.146,6,6.854,7.818,9.019,9.832,10.365,10.686,10.837,0,0,0,0,0,0,0,0,0,0,0,0,0,0,0
0.126,0.228,0.515,1.218,2.908,3.713,4.287,5.092,6.782,7.485,7.772,7.874,0,0,0,0,0,0,0,0,0,0,0,0,0,0,0,0,0,0
0.322,0.371,0.476,0.653,0.93,1.349,1.973,2.44,2.822,3.178,3.56,4.027,4.651,5.07,5.347,5.524,5.629,5.678,0,0,0,0,0,0,0,0,0,0,0,0
0.002,0.007,0.028,0.108,0.414,1.589,1.9,2,2.1,2.411,3.586,3.892,3.972,3.993,3.998,0,0,0,0,0,0,0,0,0,0,0,0,0,0,0
1.229,1.497,2.09,3.139,4,4.861,5.91,6.503,6.771,0,0,0,0,0,0,0,0,0,0,0,0,0,0,0,0,0,0,0,0,0
0.026,0.051,0.122,0.308,0.781,1.984,5.042,6.269,6.814,7.186,7.731,8.958,12.016,13.219,13.692,13.878,13.949,13.974,0,0,0,0,0,0,0,0,0,0,0,0
0.559,0.696,1.003,1.556,2,2.444,2.997,3.304,3.441,0,0,0,0,0,0,0,0,0,0,0,0,0,0,0,0,0,0,0,0,0
0.008,0.012,0.021,0.038,0.071,0.134,0.254,0.482,0.913,1.73,3.278,4.099,4.539,4.783,4.937,5.063,5.217,5.461,5.901,6.722,8.27,9.087,9.518,9.746,9.866,9.929,9.962,9.979,9.988,9.992
0.764,0.781,0.816,0.869,0.942,1.036,1.153,1.296,1.468,1.628,1.78,1.927,2.073,2.22,2.372,2.532,2.704,2.847,2.964,3.058,3.131,3.184,3.219,3.236,0,0,0,0,0,0
2.909,3.636,5.273,6.727,8.364,9.091,0,0,0,0,0,0,0,0,0,0,0,0,0,0,0,0,0,0,0,0,0,0,0,0
0.266,0.459,0.982,2.216,5.05,6.476,7.524,8.95,11.784,13.018,13.541,13.734,0,0,0,0,0,0,0,0,0,0,0,0,0,0,0,0,0,0
0.167,0.238,0.409,0.753,1.414,1.829,2.171,2.586,3.247,3.591,3.762,3.833,0,0,0,0,0,0,0,0,0,0,0,0,0,0,0,0,0,0
0.429,0.494,0.634,0.871,1.241,1.799,2.63,3.253,3.763,4.237,4.747,5.37,6.201,6.759,7.129,7.366,7.506,7.571,0,0,0,0,0,0,0,0,0,0,0,0
1.318,1.414,1.614,1.93,2.388,2.801,3.199,3.612,4.07,4.386,4.586,4.682,0,0,0,0,0,0,0,0,0,0,0,0,0,0,0,0,0,0
0.062,0.077,0.113,0.178,0.288,0.472,0.778,1.283,1.605,1.825,2,2.175,2.395,2.717,3.222,3.528,3.712,3.822,3.887,3.923,3.938,0,0,0,0,0,0,0,0,0
1.35,1.5,1.817,2.335,3.113,4.237,5.165,6,6.835,7.763,8.887,9.665,10.183,10.5,10.65,0,0,0,0,0,0,0,0,0,0,0,0,0,0,0
0.084,0.141,0.293,0.646,1.438,1.847,2.153,2.562,3.354,3.707,3.859,3.916,0,0,0,0,0,0,0,0,0,0,0,0,0,0,0,0,0,0
0.18,0.238,0.373,0.627,1.083,1.886,3.295,4.156,4.746,5.254,5.844,6.705,8.114,8.917,9.373,9.627,9.762,9.82,0,0,0,0,0,0,0,0,0,0,0,0
5.165,5.372,5.793,6.207,6.628,6.835,0,0,0,0,0,0,0,0,0,0,0,0,0,0,0,0,0,0,0,0,0,0,0,0
0.481,0.621,0.942,1.538,2,2.462,3.058,3.379,3.519,0,0,0,0,0,0,0,0,0,0,0,0,0,0,0,0,0,0,0,0,0
6.303,6.337,6.405,6.507,6.645,6.818,7.028,7.275,7.519,7.76,8,8.24,8.481,8.725,8.972,9.182,9.355,9.493,9.595,9.663,9.697,0,0,0,0,0,0,0,0,0
0.03,0.046,0.089,0.182,0.377,0.784,1.632,3.398,4.262,4.712,5,5.288,5.738,6.602,8.368,9.216,9.623,9.818,9.911,9.954,9.97,0,0,0,0,0,0,0,0,0
0.208,0.471,1.331,3.877,5,6.123,8.669,9.529,9.792,0,0,0,0,0,0,0,0,0,0,0,0,0,0,0,0,0,0,0,0,0
0,0.002,0.009,0.044,0.225,1.148,5.852,6.777,6.964,7.036,7.223,8.148,12.852,13.775,13.956,13.991,13.998,14,0,0,0,0,0,0,0,0,0,0,0,0
1.185,1.611,2.618,4.567,6,7.433,9.382,10.389,10.815,0,0,0,0,0,0,0,0,0,0,0,0,0,0,0,0,0,0,0,0,0
0.052,0.072,0.121,0.216,0.395,0.727,1.341,2.477,4.575,5.731,6.394,6.821,7.179,7.606,8.269,9.425,11.523,12.659,13.273,13.605,13.784,13.879,13.928,13.948,0,0,0,0,0,0
0.004,0.009,0.025,0.066,0.181,0.493,1.343,3.661,4.516,4.844,5,5.156,5.484,6.339,8.657,9.507,9.819,9.934,9.975,9.991,9.996,0,0,0,0,0,0,0,0,0
0.125,0.179,0.312,0.581,1.102,2.104,4.021,5.077,5.731,6.269,6.923,7.979,9.896,10.898,11.419,11.688,11.821,11.875,0,0,0,0,0,0,0,0,0,0,0,0
0.147,0.186,0.273,0.433,0.707,1.167,1.935,3.212,4.019,4.566,5,5.434,5.981,6.788,8.065,8.833,9.293,9.567,9.727,9.814,9.853,0,0,0,0,0,0,0,0,0
0.529,0.769,1.361,2.572,4.956,6.409,7.591,9.044,11.428,12.639,13.231,13.471,0,0,0,0,0,0,0,0,0,0,0,0,0,0,0,0,0,0
0.231,0.324,0.547,0.99,1.829,3.402,4.335,5,5.665,6.598,8.171,9.01,9.453,9.676,9.769,0,0,0,0,0,0,0,0,0,0,0,0,0,0,0
0.622,0.722,0.937,1.301,1.875,2.748,3.42,4,4.58,5.252,6.125,6.699,7.063,7.278,7.378,0,0,0,0,0,0,0,0,0,0,0,0,0,0,0
2.257,2.421,2.762,3.304,4.088,5.169,6.117,7,7.883,8.831,9.912,10.696,11.238,11.579,11.743,0,0,0,0,0,0,0,0,0,0,0,0,0,0,0
4.999,4.999,4.999,4.999,4.999,5,5,5,5,5,5.001,5.001,5.001,5.001,5.001,0,0,0,0,0,0,0,0,0,0,0,0,0,0,0
0.523,0.561,0.64,0.766,0.948,1.198,1.537,1.987,2.363,2.693,3,3.307,3.637,4.013,4.463,4.802,5.052,5.234,5.36,5.439,5.477,0,0,0,0,0,0,0,0,0
0.153,0.183,0.249,0.364,0.551,0.846,1.307,1.632,1.885,2.115,2.368,2.693,3.154,3.449,3.636,3.751,3.817,3.847,0,0,0,0,0,0,0,0,0,0,0,0
0.023,0.037,0.074,0.154,0.327,0.696,0.883,1,1.117,1.304,1.673,1.846,1.926,1.963,1.977,0,0,0,0,0,0,0,0,0,0,0,0,0,0,0
1.394,1.585,1.993,2.674,3.721,4.592,5.408,6.279,7.326,8.007,8.415,8.606,0,0,0,0,0,0,0,0,0,0,0,0,0,0,0,0,0,0
0.125,0.161,0.243,0.396,0.662,1.12,1.899,3.226,4.041,4.581,5,5.419,5.959,6.774,8.101,8.88,9.338,9.604,9.757,9.839,9.875,0,0,0,0,0,0,0,0,0
1.251,2.058,4.193,5.807,7.942,8.749,0,0,0,0,0,0,0,0,0,0,0,0,0,0,0,0,0,0,0,0,0,0,0,0
0.927,1.03,1.248,1.605,2.14,2.914,4.013,4.89,5.643,6.357,7.11,7.987,9.086,9.86,10.395,10.752,10.97,11.073,0,0,0,0,0,0,0,0,0,0,0,0
0.013,0.027,0.071,0.195,0.537,1.476,1.832,2,2.168,2.524,3.463,3.805,3.929,3.973,3.987,0,0,0,0,0,0,0,0,0,0,0,0,0,0,0
0.195,0.292,0.535,1.043,2.07,4.125,5.249,6,6.751,7.875,9.93,10.957,11.465,11.708,11.805,0,0,0,0,0,0,0,0,0,0,0,0,0,0,0
0.018,0.03,0.062,0.137,0.307,0.689,1.547,3.471,4.34,4.755,5,5.245,5.66,6.529,8.453,9.311,9.693,9.863,9.938,9.97,9.982,0,0,0,0,0,0,0,0,0
0,0,0.001,0.003,0.009,0.026,0.071,0.194,0.533,1.467,1.806,1.931,1.978,2,2.022,2.069,2.194,2.533,3.467,3.806,3.929,3.974,3.991,3.997,3.999,4,4,0,0,0
1.25,1.526,2.14,3.226,5.024,6.387,7.613,8.976,10.774,11.86,12.474,12.75,0,0,0,0,0,0,0,0,0,0,0,0,0,0,0,0,0,0
0.12,0.155,0.236,0.386,0.651,1.107,1.89,3.23,4.048,4.585,5,5.415,5.952,6.77,8.11,8.893,9.349,9.614,9.764,9.845,9.88,0,0,0,0,0,0,0,0,0
1.142,1.328,1.729,2.412,3,3.588,4.271,4.672,4.858,0,0,0,0,0,0,0,0,0,0,0,0,0,0,0,0,0,0,0,0,0
0.075,0.103,0.17,0.3,0.542,0.986,1.797,3.278,4.118,4.628,5,5.372,5.882,6.722,8.203,9.014,9.458,9.7,9.83,9.897,9.925,0,0,0,0,0,0,0,0,0
0.006,0.016,0.047,0.148,0.464,1.453,4.553,5.552,5.899,6.101,6.448,7.447,10.547,11.536,11.852,11.953,11.984,11.994,0,0,0,0,0,0,0,0,0,0,0,0
0.13,0.195,0.357,0.695,1.38,2.75,3.5,4,4.5,5.25,6.62,7.305,7.643,7.805,7.87,0,0,0,0,0,0,0,0,0,0,0,0,0,0,0
1.052,1.878,4.175,5.825,8.122,8.948,0,0,0,0,0,0,0,0,0,0,0,0,0,0,0,0,0,0,0,0,0,0,0,0
0.583,0.855,1.528,2.916,5.667,7.327,8.673,10.333,13.084,14.472,15.145,15.417,0,0,0,0,0,0,0,0,0,0,0,0,0,0,0,0,0,0
0.016,0.024,0.044,0.086,0.17,0.339,0.677,0.854,0.958,1.042,1.146,1.323,1.661,1.83,1.914,1.956,1.976,1.984,0,0,0,0,0,0,0,0,0,0,0,0
0.569,1,1.431,0,0,0,0,0,0,0,0,0,0,0,0,0,0,0,0,0,0,0,0,0,0,0,0,0,0,0
0.016,0.026,0.053,0.116,0.256,0.566,1.251,2.765,3.46,3.797,4,4.203,4.54,5.235,6.749,7.434,7.744,7.884,7.947,7.974,7.984,0,0,0,0,0,0,0,0,0
1.158,1.655,2.862,5.296,7,8.704,11.138,12.345,12.842,0,0,0,0,0,0,0,0,0,0,0,0,0,0,0,0,0,0,0,0,0
0.072,0.11,0.205,0.407,0.824,1.673,3.399,4.286,4.797,5.203,5.714,6.601,8.327,9.176,9.593,9.795,9.89,9.928,0,0,0,0,0,0,0,0,0,0,0,0
0.37,0.464,0.675,1.057,1.707,2.79,4.58,5.756,6.618,7.382,8.244,9.42,11.21,12.293,12.943,13.325,13.536,13.63,0,0,0,0,0,0,0,0,0,0,0,0
0.973,1.166,1.591,2.331,3.534,5.439,6.835,8,9.165,10.561,12.466,13.669,14.409,14.834,15.027,0,0,0,0,0,0,0,0,0,0,0,0,0,0,0
0.141,0.162,0.208,0.286,0.408,0.591,0.865,1.271,1.87,2.297,2.617,2.879,3.121,3.383,3.703,4.13,4.729,5.135,5.409,5.592,5.714,5.792,5.838,5.859,0,0,0,0,0,0
1.605,1.846,2.365,3.24,4,4.76,5.635,6.154,6.395,0,0,0,0,0,0,0,0,0,0,0,0,0,0,0,0,0,0,0,0,0
0.091,0.191,0.501,1.363,3.728,4.69,5.31,6.272,8.637,9.499,9.809,9.909,0,0,0,0,0,0,0,0,0,0,0,0,0,0,0,0,0,0
0.018,0.028,0.053,0.109,0.226,0.47,0.979,2.039,2.557,2.827,3,3.173,3.443,3.961,5.021,5.53,5.774,5.891,5.947,5.972,5.982,0,0,0,0,0,0,0,0,0
0.148,0.201,0.327,0.571,1.02,1.836,3.312,4.182,4.756,5.244,5.818,6.688,8.164,8.98,9.429,9.673,9.799,9.852,0,0,0,0,0,0,0,0,0,0,0,0
3.554,3.907,4.647,5.353,6.093,6.446,0,0,0,0,0,0,0,0,0,0,0,0,0,0,0,0,0,0,0,0,0,0,0,0
0.234,0.291,0.42,0.651,1.043,1.689,2.75,4.484,5.602,6.377,7,7.623,8.398,9.516,11.25,12.311,12.957,13.349,13.58,13.709,13.766,0,0,0,0,0,0,0,0,0
0.109,0.168,0.317,0.637,1.299,2.659,5.45,6.869,7.68,8.32,9.131,10.55,13.341,14.701,15.363,15.683,15.832,15.891,0,0,0,0,0,0,0,0,0,0,0,0
0.351,0.472,0.755,1.298,2.287,4.064,5.174,6,6.826,7.936,9.713,10.702,11.245,11.528,11.649,0,0,0,0,0,0,0,0,0,0,0,0,0,0,0
0.041,0.068,0.137,0.295,0.642,1.399,1.772,2,2.228,2.601,3.358,3.705,3.863,3.932,3.959,0,0,0,0,0,0,0,0,0,0,0,0,0,0,0
1.415,1.606,2.012,2.689,3.727,4.594,5.406,6.273,7.311,7.988,8.394,8.585,0,0,0,0,0,0,0,0,0,0,0,0,0,0,0,0,0,0
0.005,0.012,0.032,0.091,0.26,0.745,0.921,1,1.079,1.255,1.74,1.909,1.968,1.988,1.995,0,0,0,0,0,0,0,0,0,0,0,0,0,0,0
0.325,0.466,0.81,1.508,2.862,5.463,6.958,8,9.042,10.537,13.138,14.492,15.19,15.534,15.675,0,0,0,0,0,0,0,0,0,0,0,0,0,0,0
0.243,0.349,0.608,1.131,2.146,4.097,5.219,6,6.781,7.903,9.854,10.869,11.392,11.651,11.757,0,0,0,0,0,0,0,0,0,0,0,0,0,0,0
0.317,0.502,0.982,2.036,4.281,5.521,6.479,7.719,9.964,11.018,11.498,11.683,0,0,0,0,0,0,0,0,0,0,0,0,0,0,0,0,0,0
0.042,0.074,0.165,0.382,0.896,2.103,4.939,6.179,6.782,7.218,7.821,9.061,11.897,13.104,13.618,13.835,13.926,13.958,0,0,0,0,0,0,0,0,0,0,0,0
0.049,0.098,0.246,0.639,1.672,4.377,5.459,6,6.541,7.623,10.328,11.361,11.754,11.902,11.951,0,0,0,0,0,0,0,0,0,0,0,0,0,0,0
0.705,0.918,1.408,2.325,3.945,6.759,8.592,10,11.408,13.241,16.055,17.675,18.592,19.082,19.295,0,0,0,0,0,0,0,0,0,0,0,0,0,0,0
2.265,2.569,3.219,4.302,5.963,7.35,8.65,10.037,11.698,12.781,13.431,13.735,0,0,0,0,0,0,0,0,0,0,0,0,0,0,0,0,0,0
1.288,1.353,1.486,1.695,1.99,2.386,2.902,3.363,3.791,4.209,4.637,5.098,5.614,6.01,6.305,6.514,6.647,6.712,0,0,0,0,0,0,0,0,0,0,0,0
0.543,0.662,0.924,1.388,2.154,3.389,4.274,5,5.726,6.611,7.846,8.612,9.076,9.338,9.457,0,0,0,0,0,0,0,0,0,0,0,0,0,0,0
1.087,1.582,2.798,5.289,7,8.711,11.202,12.418,12.913,0,0,0,0,0,0,0,0,0,0,0,0,0,0,0,0,0,0,0,0,0
2.007,2.225,2.686,3.439,4.567,5.539,6.461,7.433,8.561,9.314,9.775,9.993,0,0,0,0,0,0,0,0,0,0,0,0,0,0,0,0,0,0
0.932,1.356,2.398,4.533,6,7.467,9.602,10.644,11.068,0,0,0,0,0,0,0,0,0,0,0,0,0,0,0,0,0,0,0,0,0
0.224,0.35,0.673,1.375,2.849,3.677,4.323,5.151,6.625,7.327,7.65,7.776,0,0,0,0,0,0,0,0,0,0,0,0,0,0,0,0,0,0
2.92,3.037,3.276,3.645,4,4.355,4.724,4.963,5.08,0,0,0,0,0,0,0,0,0,0,0,0,0,0,0,0,0,0,0,0,0
0.01,0.016,0.031,0.065,0.137,0.289,0.61,1.289,2.721,3.406,3.742,3.928,4.072,4.258,4.594,5.279,6.711,7.39,7.711,7.863,7.935,7.969,7.984,7.99,0,0,0,0,0,0
0.109,0.132,0.185,0.278,0.431,0.678,0.855,1,1.145,1.322,1.569,1.722,1.815,1.868,1.891,0,0,0,0,0,0,0,0,0,0,0,0,0,0,0
0.028,0.041,0.074,0.14,0.271,0.527,1.027,2.001,2.514,2.803,3,3.197,3.486,3.999,4.973,5.473,5.729,5.86,5.926,5.959,5.972,0,0,0,0,0,0,0,0,0
0.93,1.212,1.86,3.071,4,4.929,6.14,6.788,7.07,0,0,0,0,0,0,0,0,0,0,0,0,0,0,0,0,0,0,0,0,0
0.23,0.276,0.378,0.557,0.849,1.313,2.043,3.187,3.963,4.529,5,5.471,6.037,6.813,7.957,8.687,9.151,9.443,9.622,9.724,9.77,0,0,0,0,0,0,0,0,0
0.205,0.305,0.555,1.077,2.127,2.75,3.25,3.873,4.923,5.445,5.695,5.795,0,0,0,0,0,0,0,0,0,0,0,0,0,0,0,0,0,0
0.354,0.417,0.553,0.787,1.159,1.736,2.619,3.258,3.766,4.234,4.742,5.381,6.264,6.841,7.213,7.447,7.583,7.646,0,0,0,0,0,0,0,0,0,0,0,0
0.219,0.297,0.483,0.843,1.507,2.712,3.454,4,4.546,5.288,6.493,7.157,7.517,7.703,7.781,0,0,0,0,0,0,0,0,0,0,0,0,0,0,0
2.635,2.928,3.546,4.558,6.077,7.382,8.618,9.923,11.442,12.454,13.072,13.365,0,0,0,0,0,0,0,0,0,0,0,0,0,0,0,0,0,0
0.334,0.371,0.448,0.573,0.761,0.923,1.077,1.239,1.427,1.552,1.629,1.666,0,0,0,0,0,0,0,0,0,0,0,0,0,0,0,0,0,0
0.171,0.243,0.417,0.768,1.443,2.728,3.475,4,4.525,5.272,6.557,7.232,7.583,7.757,7.829,0,0,0,0,0,0,0,0,0,0,0,0,0,0,0
1.067,2.232,5.835,8.165,11.768,12.933,0,0,0,0,0,0,0,0,0,0,0,0,0,0,0,0,0,0,0,0,0,0,0,0
0.007,0.012,0.027,0.065,0.155,0.371,0.886,2.12,2.642,2.872,3,3.128,3.358,3.88,5.114,5.629,5.845,5.935,5.973,5.988,5.993,0,0,0,0,0,0,0,0,0
1.719,2.042,2.748,3.971,5,6.029,7.252,7.958,8.281,0,0,0,0,0,0,0,0,0,0,0,0,0,0,0,0,0,0,0,0,0
1.121,1.272,1.593,2.129,2.951,4.17,5.143,6,6.857,7.83,9.049,9.871,10.407,10.728,10.879,0,0,0,0,0,0,0,0,0,0,0,0,0,0,0
0.826,1.091,1.707,2.87,4.956,6.384,7.616,9.044,11.13,12.293,12.909,13.174,0,0,0,0,0,0,0,0,0,0,0,0,0,0,0,0,0,0
0.125,0.179,0.312,0.581,1.102,2.104,4.021,5.077,5.731,6.269,6.923,7.979,9.896,10.898,11.419,11.688,11.821,11.875,0,0,0,0,0,0,0,0,0,0,0,0
0.146,0.232,0.453,0.94,1.976,4.17,5.292,6,6.708,7.83,10.024,11.06,11.547,11.768,11.854,0,0,0,0,0,0,0,0,0,0,0,0,0,0,0
0.177,0.251,0.432,0.795,1.495,2.826,5.351,6.756,7.637,8.363,9.244,10.649,13.174,14.505,15.205,15.568,15.749,15.823,0,0,0,0,0,0,0,0,0,0,0,0
0.074,0.154,0.404,1.094,2.98,3.751,4.249,5.02,6.906,7.596,7.846,7.926,0,0,0,0,0,0,0,0,0,0,0,0,0,0,0,0,0,0
0.213,0.315,0.566,1.087,2.126,2.749,3.251,3.874,4.913,5.434,5.685,5.787,0,0,0,0,0,0,0,0,0,0,0,0,0,0,0,0,0,0
0.119,0.19,0.373,0.777,1.641,3.478,4.413,5,5.587,6.522,8.359,9.223,9.627,9.81,9.881,0,0,0,0,0,0,0,0,0,0,0,0,0,0,0
0.018,0.033,0.078,0.19,0.469,1.158,2.86,3.564,3.887,4.113,4.436,5.14,6.842,7.531,7.81,7.922,7.967,7.982,0,0,0,0,0,0,0,0,0,0,0,0
2.208,2.635,3.573,4.427,5.365,5.792,0,0,0,0,0,0,0,0,0,0,0,0,0,0,0,0,0,0,0,0,0,0,0,0
0.071,0.095,0.153,0.262,0.462,0.821,1.463,2.608,3.274,3.69,4,4.31,4.726,5.392,6.537,7.179,7.538,7.738,7.847,7.905,7.929,0,0,0,0,0,0,0,0,0
0.562,0.806,1.402,2.609,4.953,6.404,7.596,9.047,11.391,12.598,13.194,13.438,0,0,0,0,0,0,0,0,0,0,0,0,0,0,0,0,0,0
0.002,0.004,0.012,0.033,0.095,0.272,0.778,2.224,2.732,2.917,3,3.083,3.268,3.776,5.222,5.728,5.905,5.967,5.988,5.996,5.998,0,0,0,0,0,0,0,0,0
0.098,0.169,0.361,0.815,1.857,4.241,5.354,6,6.646,7.759,10.143,11.185,11.639,11.831,11.902,0,0,0,0,0,0,0,0,0,0,0,0,0,0,0
0.507,0.623,0.884,1.347,2.122,3.385,4.276,5,5.724,6.615,7.878,8.653,9.116,9.377,9.493,0,0,0,0,0,0,0,0,0,0,0,0,0,0,0
0.167,0.238,0.409,0.753,1.414,1.829,2.171,2.586,3.247,3.591,3.762,3.833,0,0,0,0,0,0,0,0,0,0,0,0,0,0,0,0,0,0
0.151,0.23,0.427,0.847,1.705,3.447,4.383,5,5.617,6.553,8.295,9.153,9.573,9.77,9.849,0,0,0,0,0,0,0,0,0,0,0,0,0,0,0
0.073,0.115,0.226,0.469,0.987,2.086,2.647,3,3.353,3.914,5.013,5.531,5.774,5.885,5.927,0,0,0,0,0,0,0,0,0,0,0,0,0,0,0
0.036,0.055,0.102,0.202,0.407,0.823,1.665,3.371,4.232,4.695,5,5.305,5.768,6.629,8.335,9.177,9.593,9.798,9.898,9.945,9.964,0,0,0,0,0,0,0,0,0
0.22,0.991,5.229,6.771,11.009,11.78,0,0,0,0,0,0,0,0,0,0,0,0,0,0,0,0,0,0,0,0,0,0,0,0
0.334,0.416,0.599,0.929,1.488,2.41,3.923,4.928,5.67,6.33,7.072,8.077,9.59,10.512,11.071,11.401,11.584,11.666,0,0,0,0,0,0,0,0,0,0,0,0
0.294,0.493,1.029,2.265,3,3.735,4.971,5.507,5.706,0,0,0,0,0,0,0,0,0,0,0,0,0,0,0,0,0,0,0,0,0
0.004,0.006,0.012,0.026,0.056,0.121,0.264,0.577,1.258,2.745,3.429,3.748,3.904,4,4.096,4.252,4.571,5.255,6.742,7.423,7.736,7.879,7.944,7.974,7.988,7.994,7.996,0,0,0
0.251,0.357,0.613,1.129,2.122,2.743,3.257,3.878,4.871,5.387,5.643,5.749,0,0,0,0,0,0,0,0,0,0,0,0,0,0,0,0,0,0
0.06,0.119,0.294,0.758,1.964,5.096,6.361,7,7.639,8.904,12.036,13.242,13.706,13.881,13.94,0,0,0,0,0,0,0,0,0,0,0,0,0,0,0
0.037,0.061,0.125,0.268,0.582,1.269,2.768,3.479,3.857,4.143,4.521,5.232,6.731,7.418,7.732,7.875,7.939,7.963,0,0,0,0,0,0,0,0,0,0,0,0
0.047,0.074,0.144,0.297,0.621,1.305,2.742,3.453,3.847,4.153,4.547,5.258,6.695,7.379,7.703,7.856,7.926,7.953,0,0,0,0,0,0,0,0,0,0,0,0
2.202,2.909,4.55,7.652,10,12.348,15.45,17.091,17.798,0,0,0,0,0,0,0,0,0,0,0,0,0,0,0,0,0,0,0,0,0
3.912,3.915,3.922,3.933,3.947,3.965,3.982,4,4.018,4.035,4.053,4.067,4.078,4.085,4.088,0,0,0,0,0,0,0,0,0,0,0,0,0,0,0
0.137,0.178,0.273,0.451,0.766,1.312,2.256,3.881,4.866,5.507,6,6.493,7.134,8.119,9.744,10.688,11.234,11.549,11.727,11.822,11.863,0,0,0,0,0,0,0,0,0
0.124,0.203,0.412,0.886,1.926,4.198,5.317,6,6.683,7.802,10.074,11.114,11.588,11.797,11.876,0,0,0,0,0,0,0,0,0,0,0,0,0,0,0
0.342,0.509,0.926,1.796,3.546,4.583,5.417,6.454,8.204,9.074,9.491,9.658,0,0,0,0,0,0,0,0,0,0,0,0,0,0,0,0,0,0
3.649,4.443,6.205,7.795,9.557,10.351,0,0,0,0,0,0,0,0,0,0,0,0,0,0,0,0,0,0,0,0,0,0,0,0
0.311,0.361,0.468,0.651,0.937,1.374,1.71,2,2.29,2.626,3.063,3.349,3.532,3.639,3.689,0,0,0,0,0,0,0,0,0,0,0,0,0,0,0
0.094,0.171,0.386,0.913,2.181,2.785,3.215,3.819,5.087,5.614,5.829,5.906,0,0,0,0,0,0,0,0,0,0,0,0,0,0,0,0,0,0
0.106,0.185,0.403,0.925,2.141,4.965,6.26,7,7.74,9.035,11.859,13.075,13.597,13.815,13.894,0,0,0,0,0,0,0,0,0,0,0,0,0,0,0
0.034,0.05,0.091,0.176,0.346,0.684,1.354,2.68,3.366,3.745,4,4.255,4.634,5.32,6.646,7.316,7.654,7.824,7.909,7.95,7.966,0,0,0,0,0,0,0,0,0
1.54,1.786,2.318,3.221,4,4.779,5.682,6.214,6.46,0,0,0,0,0,0,0,0,0,0,0,0,0,0,0,0,0,0,0,0,0
0,0.001,0.002,0.008,0.026,0.087,0.284,0.934,3.066,3.716,3.916,3.982,4.018,4.084,4.284,4.934,7.066,7.716,7.913,7.974,7.992,7.998,7.999,8,0,0,0,0,0,0
0.033,0.069,0.181,0.492,1.347,3.686,4.576,5,5.424,6.314,8.653,9.508,9.819,9.931,9.967,0,0,0,0,0,0,0,0,0,0,0,0,0,0,0
0.055,0.084,0.159,0.318,0.649,1.33,2.725,3.435,3.84,4.16,4.565,5.275,6.67,7.351,7.682,7.841,7.916,7.945,0,0,0,0,0,0,0,0,0,0,0,0
0.408,0.524,0.788,1.278,2.13,2.735,3.265,3.87,4.722,5.212,5.476,5.592,0,0,0,0,0,0,0,0,0,0,0,0,0,0,0,0,0,0
0.675,0.75,0.908,1.168,1.557,2.118,2.582,3,3.418,3.882,4.443,4.832,5.092,5.25,5.325,0,0,0,0,0,0,0,0,0,0,0,0,0,0,0
0.219,0.297,0.483,0.843,1.507,2.712,3.454,4,4.546,5.288,6.493,7.157,7.517,7.703,7.781,0,0,0,0,0,0,0,0,0,0,0,0,0,0,0
0.934,1.06,1.328,1.774,2.459,3.475,4.285,5,5.715,6.525,7.541,8.226,8.672,8.94,9.066,0,0,0,0,0,0,0,0,0,0,0,0,0,0,0
0.116,0.211,0.476,1.126,2.688,6.428,8.085,9,9.915,11.572,15.312,16.874,17.524,17.789,17.884,0,0,0,0,0,0,0,0,0,0,0,0,0,0,0
0.543,0.662,0.924,1.388,2.154,3.389,4.274,5,5.726,6.611,7.846,8.612,9.076,9.338,9.457,0,0,0,0,0,0,0,0,0,0,0,0,0,0,0
0.317,0.351,0.424,0.543,0.72,0.977,1.34,1.631,1.881,2.119,2.369,2.66,3.023,3.28,3.457,3.576,3.649,3.683,0,0,0,0,0,0,0,0,0,0,0,0
0.089,0.141,0.278,0.579,1.223,2.592,5.497,6.919,7.699,8.301,9.081,10.503,13.408,14.777,15.421,15.722,15.859,15.911,0,0,0,0,0,0,0,0,0,0,0,0
1.293,1.466,1.837,2.455,3,3.545,4.163,4.534,4.707,0,0,0,0,0,0,0,0,0,0,0,0,0,0,0,0,0,0,0,0,0
0.043,0.117,0.394,1.357,4.685,5.723,6.277,7.315,10.643,11.606,11.883,11.957,0,0,0,0,0,0,0,0,0,0,0,0,0,0,0,0,0,0
3.518,3.721,4.138,4.794,5.725,6.583,7.417,8.275,9.206,9.862,10.279,10.482,0,0,0,0,0,0,0,0,0,0,0,0,0,0,0,0,0,0
2.436,2.596,2.927,3.452,4.203,5.232,6.144,7,7.856,8.768,9.797,10.548,11.073,11.404,11.564,0,0,0,0,0,0,0,0,0,0,0,0,0,0,0
0.017,0.039,0.113,0.337,1.007,3.01,3.702,4,4.298,4.99,6.993,7.663,7.887,7.961,7.983,0,0,0,0,0,0,0,0,0,0,0,0,0,0,0
0.027,0.049,0.11,0.26,0.62,1.482,3.545,4.429,4.85,5.15,5.571,6.455,8.518,9.38,9.74,9.89,9.951,9.973,0,0,0,0,0,0,0,0,0,0,0,0
0.065,0.112,0.241,0.543,1.238,2.827,3.569,4,4.431,5.173,6.762,7.457,7.759,7.888,7.935,0,0,0,0,0,0,0,0,0,0,0,0,0,0,0
0.544,0.76,1.278,2.303,4.241,5.482,6.518,7.759,9.697,10.722,11.24,11.456,0,0,0,0,0,0,0,0,0,0,0,0,0,0,0,0,0,0
0.934,1.06,1.328,1.774,2.459,3.475,4.285,5,5.715,6.525,7.541,8.226,8.672,8.94,9.066,0,0,0,0,0,0,0,0,0,0,0,0,0,0,0
0.165,0.278,0.579,1.274,2.836,6.329,8.004,9,9.996,11.671,15.164,16.726,17.421,17.722,17.835,0,0,0,0,0,0,0,0,0,0,0,0,0,0,0
0.071,0.095,0.153,0.262,0.462,0.821,1.463,2.608,3.274,3.69,4,4.31,4.726,5.392,6.537,7.179,7.538,7.738,7.847,7.905,7.929,0,0,0,0,0,0,0,0,0
0.833,1.667,4.167,5.833,8.333,9.167,0,0,0,0,0,0,0,0,0,0,0,0,0,0,0,0,0,0,0,0,0,0,0,0
0.815,1.047,1.577,2.555,4.26,5.47,6.53,7.74,9.445,10.423,10.953,11.185,0,0,0,0,0,0,0,0,0,0,0,0,0,0,0,0,0,0
0.292,0.405,0.676,1.21,2.214,4.078,5.195,6,6.805,7.922,9.786,10.79,11.324,11.595,11.708,0,0,0,0,0,0,0,0,0,0,0,0,0,0,0
0.164,0.223,0.362,0.632,1.13,2.034,2.591,3,3.409,3.966,4.87,5.368,5.638,5.777,5.836,0,0,0,0,0,0,0,0,0,0,0,0,0,0,0
0.052,0.072,0.122,0.221,0.408,0.759,1.414,2.637,3.313,3.714,4,4.286,4.687,5.363,6.586,7.241,7.592,7.779,7.878,7.928,7.948,0,0,0,0,0,0,0,0,0
0.046,0.059,0.091,0.15,0.255,0.437,0.752,1.294,1.622,1.836,2,2.164,2.378,2.706,3.248,3.563,3.745,3.85,3.909,3.941,3.954,0,0,0,0,0,0,0,0,0
0.39,0.454,0.592,0.827,1.198,1.766,2.624,3.255,3.765,4.235,4.745,5.376,6.234,6.802,7.173,7.408,7.546,7.61,0,0,0,0,0,0,0,0,0,0,0,0
0.759,0.989,1.518,2.507,4.253,5.471,6.529,7.747,9.493,10.482,11.011,11.241,0,0,0,0,0,0,0,0,0,0,0,0,0,0,0,0,0,0
0.051,0.098,0.232,0.577,1.442,3.609,4.521,5,5.479,6.391,8.558,9.423,9.768,9.902,9.949,0,0,0,0,0,0,0,0,0,0,0,0,0,0,0
3.526,4,4.474,0,0,0,0,0,0,0,0,0,0,0,0,0,0,0,0,0,0,0,0,0,0,0,0,0,0,0
0.118,0.17,0.298,0.559,1.067,2.05,2.612,3,3.388,3.95,4.933,5.441,5.702,5.83,5.882,0,0,0,0,0,0,0,0,0,0,0,0,0,0,0
0.251,0.299,0.405,0.59,0.89,1.361,1.709,2,2.291,2.639,3.11,3.41,3.595,3.701,3.749,0,0,0,0,0,0,0,0,0,0,0,0,0,0,0
0.881,1.164,1.82,3.061,4,4.939,6.18,6.836,7.119,0,0,0,0,0,0,0,0,0,0,0,0,0,0,0,0,0,0,0,0,0
0,0,0,0,0,0,0,0,0,0,0,0,0,0,0,0,0,0,0,0,0,0,0,0,0,0,0,0,0,0
0.005,0.016,0.07,0.304,1.314,5.69,6.713,7,7.287,8.31,12.686,13.696,13.93,13.984,13.995,0,0,0,0,0,0,0,0,0,0,0,0,0,0,0
0.931,1.233,1.936,3.268,5.662,7.297,8.703,10.338,12.732,14.064,14.767,15.069,0,0,0,0,0,0,0,0,0,0,0,0,0,0,0,0,0,0
0.145,0.23,0.451,0.937,1.974,4.171,5.293,6,6.707,7.829,10.026,11.063,11.549,11.77,11.855,0,0,0,0,0,0,0,0,0,0,0,0,0,0,0
1.396,1.818,2.79,4.606,6,7.394,9.21,10.182,10.604,0,0,0,0,0,0,0,0,0,0,0,0,0,0,0,0,0,0,0,0,0
0.016,0.029,0.066,0.156,0.372,0.889,2.127,2.657,2.91,3.09,3.343,3.873,5.111,5.628,5.844,5.934,5.971,5.984,0,0,0,0,0,0,0,0,0,0,0,0
4.994,5,5.006,0,0,0,0,0,0,0,0,0,0,0,0,0,0,0,0,0,0,0,0,0,0,0,0,0,0,0
0.149,0.208,0.35,0.63,1.161,2.152,3.997,5.047,5.72,6.28,6.953,8.003,9.848,10.839,11.37,11.65,11.792,11.851,0,0,0,0,0,0,0,0,0,0,0,0
3.321,4.184,6.136,7.864,9.816,10.679,0,0,0,0,0,0,0,0,0,0,0,0,0,0,0,0,0,0,0,0,0,0,0,0
0.437,0.587,0.937,1.608,2.829,3.65,4.35,5.171,6.392,7.063,7.413,7.563,0,0,0,0,0,0,0,0,0,0,0,0,0,0,0,0,0,0
0.219,0.297,0.483,0.843,1.507,2.712,3.454,4,4.546,5.288,6.493,7.157,7.517,7.703,7.781,0,0,0,0,0,0,0,0,0,0,0,0,0,0,0
0.415,0.453,0.531,0.656,0.841,1.102,1.462,1.953,2.35,2.689,3,3.311,3.65,4.047,4.538,4.898,5.159,5.344,5.469,5.547,5.585,0,0,0,0,0,0,0,0,0
0.57,0.677,0.912,1.317,1.97,2.993,4.578,5.707,6.595,7.405,8.293,9.422,11.007,12.03,12.683,13.088,13.323,13.43,0,0,0,0,0,0,0,0,0,0,0,0
0.01,0.016,0.028,0.055,0.109,0.215,0.428,0.849,1.687,3.352,6.659,8.328,9.179,9.627,9.893,10.107,10.373,10.821,11.672,13.341,16.648,18.313,19.151,19.572,19.785,19.891,19.945,19.972,19.984,19.99
0.02,0.033,0.067,0.145,0.319,0.701,0.887,1,1.113,1.299,1.681,1.855,1.933,1.967,1.98,0,0,0,0,0,0,0,0,0,0,0,0,0,0,0
0.171,0.21,0.298,0.455,0.716,0.912,1.088,1.284,1.545,1.702,1.79,1.829,0,0,0,0,0,0,0,0,0,0,0,0,0,0,0,0,0,0
2.395,2.648,3.181,4.049,5.346,6.467,7.533,8.654,9.951,10.819,11.352,11.605,0,0,0,0,0,0,0,0,0,0,0,0,0,0,0,0,0,0
1.185,1.611,2.618,4.567,6,7.433,9.382,10.389,10.815,0,0,0,0,0,0,0,0,0,0,0,0,0,0,0,0,0,0,0,0,0
1.439,1.693,2.245,3.194,4,4.806,5.755,6.307,6.561,0,0,0,0,0,0,0,0,0,0,0,0,0,0,0,0,0,0,0,0,0
0.062,0.09,0.156,0.29,0.551,1.052,2.011,2.539,2.866,3.134,3.461,3.989,4.948,5.449,5.71,5.844,5.91,5.938,0,0,0,0,0,0,0,0,0,0,0,0
0.327,0.673,1.727,4.601,6,7.399,10.273,11.327,11.673,0,0,0,0,0,0,0,0,0,0,0,0,0,0,0,0,0,0,0,0,0
0.004,0.01,0.037,0.133,0.48,1.735,6.269,7.53,7.904,8.096,8.47,9.731,14.265,15.52,15.867,15.963,15.99,15.996,0,0,0,0,0,0,0,0,0,0,0,0
0.234,0.314,0.503,0.865,1.525,2.709,3.449,4,4.551,5.291,6.475,7.135,7.497,7.686,7.766,0,0,0,0,0,0,0,0,0,0,0,0,0,0,0
0.649,0.771,1.038,1.499,2.242,3.407,4.272,5,5.728,6.593,7.758,8.501,8.962,9.229,9.351,0,0,0,0,0,0,0,0,0,0,0,0,0,0,0
0.235,0.329,0.553,0.996,1.834,3.401,4.333,5,5.667,6.599,8.166,9.004,9.447,9.671,9.765,0,0,0,0,0,0,0,0,0,0,0,0,0,0,0
0.489,0.581,0.781,1.129,1.689,2.565,3.924,4.892,5.652,6.348,7.108,8.076,9.435,10.311,10.871,11.219,11.419,11.511,0,0,0,0,0,0,0,0,0,0,0,0
0.012,0.029,0.084,0.25,0.751,2.253,6.76,8.278,8.833,9.167,9.722,11.24,15.747,17.249,17.75,17.916,17.971,17.988,0,0,0,0,0,0,0,0,0,0,0,0
0.329,0.378,0.486,0.667,0.95,1.378,1.711,2,2.289,2.622,3.05,3.333,3.514,3.622,3.671,0,0,0,0,0,0,0,0,0,0,0,0,0,0,0
3.581,3.936,4.682,5.893,7.688,9.254,10.746,12.312,14.107,15.318,16.064,16.419,0,0,0,0,0,0,0,0,0,0,0,0,0,0,0,0,0,0
0.355,0.525,0.944,1.812,3.543,4.581,5.419,6.457,8.188,9.056,9.475,9.645,0,0,0,0,0,0,0,0,0,0,0,0,0,0,0,0,0,0
0.015,0.027,0.057,0.128,0.293,0.668,1.527,3.489,4.358,4.764,5,5.236,5.642,6.511,8.473,9.332,9.707,9.872,9.943,9.973,9.985,0,0,0,0,0,0,0,0,0
0.243,0.338,0.564,1.008,1.845,3.398,4.329,5,5.671,6.602,8.155,8.992,9.436,9.662,9.757,0,0,0,0,0,0,0,0,0,0,0,0,0,0,0
0.134,0.295,0.814,2.319,3,3.681,5.186,5.705,5.866,0,0,0,0,0,0,0,0,0,0,0,0,0,0,0,0,0,0,0,0,0
2.689,2.931,3.437,4.252,5,5.748,6.563,7.069,7.311,0,0,0,0,0,0,0,0,0,0,0,0,0,0,0,0,0,0,0,0,0
0.466,0.647,1.08,1.932,3.534,4.567,5.433,6.466,8.068,8.92,9.353,9.534,0,0,0,0,0,0,0,0,0,0,0,0,0,0,0,0,0,0
0.719,0.977,1.588,2.77,4.949,6.39,7.61,9.051,11.23,12.412,13.023,13.281,0,0,0,0,0,0,0,0,0,0,0,0,0,0,0,0,0,0
0.468,0.583,0.84,1.304,2.087,3.381,4.279,5,5.721,6.619,7.913,8.696,9.16,9.417,9.532,0,0,0,0,0,0,0,0,0,0,0,0,0,0,0
0.266,0.441,0.904,1.961,4.305,5.536,6.464,7.695,10.039,11.096,11.559,11.734,0,0,0,0,0,0,0,0,0,0,0,0,0,0,0,0,0,0
0.444,0.517,0.674,0.942,1.365,2.012,2.989,4.455,5.505,6.309,7,7.691,8.495,9.545,11.011,11.988,12.635,13.058,13.326,13.483,13.556,0,0,0,0,0,0,0,0,0
0.093,0.229,0.699,2.193,6.899,8.529,9.471,11.101,15.807,17.301,17.771,17.907,0,0,0,0,0,0,0,0,0,0,0,0,0,0,0,0,0,0
0.044,0.067,0.125,0.247,0.498,1.007,2.037,2.569,2.878,3.122,3.431,3.963,4.993,5.502,5.753,5.875,5.933,5.956,0,0,0,0,0,0,0,0,0,0,0,0
1.799,2.116,2.807,3.992,5,6.008,7.193,7.884,8.201,0,0,0,0,0,0,0,0,0,0,0,0,0,0,0,0,0,0,0,0,0
0.411,0.522,0.775,1.236,2.033,3.378,4.286,5,5.714,6.622,7.967,8.764,9.225,9.478,9.589,0,0,0,0,0,0,0,0,0,0,0,0,0,0,0
1.166,1.592,2.602,4.564,6,7.436,9.398,10.408,10.834,0,0,0,0,0,0,0,0,0,0,0,0,0,0,0,0,0,0,0,0,0
0.025,0.033,0.054,0.095,0.169,0.304,0.549,0.991,1.79,3.234,4.042,4.505,4.79,5,5.21,5.495,5.958,6.766,8.21,9.009,9.451,9.696,9.831,9.905,9.946,9.967,9.975,0,0,0
1.321,1.745,2.73,4.591,6,7.409,9.27,10.255,10.679,0,0,0,0,0,0,0,0,0,0,0,0,0,0,0,0,0,0,0,0,0
0.353,0.453,0.682,1.105,1.843,3.104,5.249,6.61,7.577,8.423,9.39,10.751,12.896,14.157,14.895,15.318,15.547,15.647,0,0,0,0,0,0,0,0,0,0,0,0
0.501,0.713,1.227,2.258,4.243,5.487,6.513,7.757,9.742,10.773,11.287,11.499,0,0,0,0,0,0,0,0,0,0,0,0,0,0,0,0,0,0
3.584,4.129,5.302,7.282,9,10.718,12.698,13.871,14.416,0,0,0,0,0,0,0,0,0,0,0,0,0,0,0,0,0,0,0,0,0
0.022,0.03,0.047,0.081,0.144,0.255,0.455,0.81,1.445,2.577,3.219,3.593,3.826,4,4.174,4.407,4.781,5.423,6.555,7.19,7.545,7.745,7.856,7.919,7.953,7.97,7.978,0,0,0
0.231,0.324,0.547,0.99,1.829,3.402,4.335,5,5.665,6.598,8.171,9.01,9.453,9.676,9.769,0,0,0,0,0,0,0,0,0,0,0,0,0,0,0
0.962,1.242,1.885,3.077,4,4.923,6.115,6.758,7.038,0,0,0,0,0,0,0,0,0,0,0,0,0,0,0,0,0,0,0,0,0
0.004,0.01,0.028,0.084,0.252,0.753,2.251,2.758,2.944,3.056,3.242,3.749,5.247,5.748,5.916,5.972,5.99,5.996,0,0,0,0,0,0,0,0,0,0,0,0
1.976,2.196,2.66,3.419,4.558,5.536,6.464,7.442,8.581,9.34,9.804,10.024,0,0,0,0,0,0,0,0,0,0,0,0,0,0,0,0,0,0
0.008,0.017,0.042,0.113,0.303,0.811,2.175,5.833,7.205,7.74,8,8.26,8.795,10.167,13.825,15.189,15.697,15.887,15.958,15.983,15.992,0,0,0,0,0,0,0,0,0
0.884,0.913,0.971,1.029,1.087,1.116,0,0,0,0,0,0,0,0,0,0,0,0,0,0,0,0,0,0,0,0,0,0,0,0
0.617,0.655,0.735,0.86,1.039,1.283,1.608,2.032,2.584,3.048,3.451,3.821,4.179,4.549,4.952,5.416,5.968,6.392,6.717,6.961,7.14,7.265,7.345,7.383,0,0,0,0,0,0
0.007,0.012,0.029,0.073,0.183,0.457,1.144,2.863,3.555,3.847,4,4.153,4.445,5.137,6.856,7.543,7.817,7.927,7.971,7.988,7.993,0,0,0,0,0,0,0,0,0
0.17,0.262,0.494,0.993,2.025,4.146,5.269,6,6.731,7.854,9.975,11.007,11.506,11.738,11.83,0,0,0,0,0,0,0,0,0,0,0,0,0,0,0
0.003,0.005,0.014,0.039,0.107,0.294,0.803,2.199,2.712,2.907,3,3.093,3.288,3.801,5.197,5.706,5.893,5.961,5.986,5.995,5.997,0,0,0,0,0,0,0,0,0
0.78,0.938,1.286,1.894,2.886,3.652,4.348,5.114,6.106,6.714,7.062,7.22,0,0,0,0,0,0,0,0,0,0,0,0,0,0,0,0,0,0
0.159,0.208,0.319,0.526,0.893,1.53,2.63,3.315,3.792,4.208,4.685,5.37,6.47,7.107,7.474,7.681,7.792,7.841,0,0,0,0,0,0,0,0,0,0,0,0
0.02,0.041,0.109,0.295,0.808,2.212,2.746,3,3.254,3.788,5.192,5.705,5.891,5.959,5.98,0,0,0,0,0,0,0,0,0,0,0,0,0,0,0
0.817,1.479,3.338,4.662,6.521,7.183,0,0,0,0,0,0,0,0,0,0,0,0,0,0,0,0,0,0,0,0,0,0,0,0
0.027,0.05,0.117,0.285,0.704,1.737,4.289,5.346,5.831,6.169,6.654,7.711,10.263,11.296,11.715,11.883,11.95,11.973,0,0,0,0,0,0,0,0,0,0,0,0
0.585,0.703,0.964,1.421,2.164,2.739,3.261,3.836,4.579,5.036,5.297,5.415,0,0,0,0,0,0,0,0,0,0,0,0,0,0,0,0,0,0
0.411,0.558,0.907,1.583,2.828,3.651,4.349,5.172,6.417,7.093,7.442,7.589,0,0,0,0,0,0,0,0,0,0,0,0,0,0,0,0,0,0
4.614,4.742,5.002,5.401,5.95,6.664,7.341,8,8.659,9.336,10.05,10.599,10.998,11.258,11.386,0,0,0,0,0,0,0,0,0,0,0,0,0,0,0
2.865,2.991,3.25,3.651,4.214,4.742,5.258,5.786,6.349,6.75,7.009,7.135,0,0,0,0,0,0,0,0,0,0,0,0,0,0,0,0,0,0
0.174,0.243,0.408,0.735,1.354,2.51,4.663,5.889,6.673,7.327,8.111,9.337,11.49,12.646,13.265,13.592,13.757,13.826,0,0,0,0,0,0,0,0,0,0,0,0
0.536,0.565,0.625,0.719,0.853,1.032,1.268,1.573,1.963,2.297,2.593,2.867,3.133,3.407,3.703,4.037,4.427,4.732,4.968,5.147,5.281,5.375,5.435,5.464,0,0,0,0,0,0
0,0,0.001,0.003,0.013,0.047,0.173,0.64,2.36,2.827,2.954,2.991,3.009,3.046,3.173,3.64,5.36,5.827,5.953,5.987,5.997,5.999,6,6,0,0,0,0,0,0
3.08,3.572,4.637,6.443,8,9.557,11.363,12.428,12.92,0,0,0,0,0,0,0,0,0,0,0,0,0,0,0,0,0,0,0,0,0
0.106,0.185,0.403,0.925,2.141,4.965,6.26,7,7.74,9.035,11.859,13.075,13.597,13.815,13.894,0,0,0,0,0,0,0,0,0,0,0,0,0,0,0
1.494,1.695,2.124,2.839,3.935,5.56,6.857,8,9.143,10.44,12.065,13.161,13.876,14.305,14.506,0,0,0,0,0,0,0,0,0,0,0,0,0,0,0
0.623,0.707,0.885,1.183,1.64,2.317,3.306,4.067,4.702,5.298,5.933,6.694,7.683,8.36,8.817,9.115,9.293,9.377,0,0,0,0,0,0,0,0,0,0,0,0
0.58,0.862,1.561,3.019,4,4.981,6.439,7.138,7.42,0,0,0,0,0,0,0,0,0,0,0,0,0,0,0,0,0,0,0,0,0
0.138,0.228,0.468,1.016,2.23,4.908,6.212,7,7.788,9.092,11.77,12.984,13.532,13.772,13.862,0,0,0,0,0,0,0,0,0,0,0,0,0,0,0
0.324,0.405,0.587,0.915,1.473,2.399,3.925,4.932,5.671,6.329,7.068,8.075,9.601,10.527,11.085,11.413,11.595,11.676,0,0,0,0,0,0,0,0,0,0,0,0
0.099,0.155,0.298,0.61,1.263,2.628,5.471,6.892,7.689,8.311,9.108,10.529,13.372,14.737,15.39,15.702,15.845,15.901,0,0,0,0,0,0,0,0,0,0,0,0
0.189,0.287,0.534,1.058,2.131,2.753,3.247,3.869,4.942,5.466,5.713,5.811,0,0,0,0,0,0,0,0,0,0,0,0,0,0,0,0,0,0
0.051,0.098,0.232,0.577,1.442,3.609,4.521,5,5.479,6.391,8.558,9.423,9.768,9.902,9.949,0,0,0,0,0,0,0,0,0,0,0,0,0,0,0
3.19,3.581,4.41,5.78,7,8.22,9.59,10.419,10.81,0,0,0,0,0,0,0,0,0,0,0,0,0,0,0,0,0,0,0,0,0
0.755,0.857,1.073,1.435,1.988,2.81,4.009,5.747,7.047,8.085,9,9.915,10.953,12.253,13.991,15.19,16.012,16.565,16.927,17.143,17.245,0,0,0,0,0,0,0,0,0
0.029,0.044,0.082,0.162,0.326,0.658,1.332,2.697,3.386,3.756,4,4.244,4.614,5.303,6.668,7.342,7.674,7.838,7.918,7.956,7.971,0,0,0,0,0,0,0,0,0
3.483,5,6.517,0,0,0,0,0,0,0,0,0,0,0,0,0,0,0,0,0,0,0,0,0,0,0,0,0,0,0
0.066,0.099,0.179,0.348,0.687,1.362,2.704,3.412,3.832,4.168,4.588,5.296,6.638,7.313,7.652,7.821,7.901,7.934,0,0,0,0,0,0,0,0,0,0,0,0
0.341,0.485,0.834,1.536,2.886,5.455,6.95,8,9.05,10.545,13.114,14.464,15.166,15.515,15.659,0,0,0,0,0,0,0,0,0,0,0,0,0,0,0
0.178,0.242,0.393,0.685,1.224,2.203,3.975,5.018,5.708,6.292,6.982,8.025,9.797,10.776,11.315,11.607,11.758,11.822,0,0,0,0,0,0,0,0,0,0,0,0
0.1,0.125,0.18,0.279,0.447,0.724,1.178,1.922,2.401,2.733,3,3.267,3.599,4.078,4.822,5.276,5.553,5.721,5.82,5.875,5.9,0,0,0,0,0,0,0,0,0
0.002,0.003,0.009,0.024,0.066,0.181,0.493,1.343,3.659,4.511,4.828,4.958,5.042,5.172,5.489,6.341,8.657,9.507,9.819,9.934,9.976,9.991,9.997,9.998,0,0,0,0,0,0
2.126,2.211,2.384,2.653,3.028,3.524,4.161,4.965,5.687,6.356,7,7.644,8.313,9.035,9.839,10.476,10.972,11.347,11.616,11.789,11.874,0,0,0,0,0,0,0,0,0
0.005,0.01,0.024,0.062,0.162,0.423,1.107,2.898,3.587,3.862,4,4.138,4.413,5.102,6.893,7.577,7.838,7.938,7.976,7.99,7.995,0,0,0,0,0,0,0,0,0
1.946,2.646,4.3,5.7,7.354,8.054,0,0,0,0,0,0,0,0,0,0,0,0,0,0,0,0,0,0,0,0,0,0,0,0
0.391,0.466,0.632,0.921,1.387,2.122,3.268,4.079,4.712,5.288,5.921,6.732,7.878,8.613,9.079,9.368,9.534,9.609,0,0,0,0,0,0,0,0,0,0,0,0
0.135,0.2,0.363,0.702,1.381,2.73,5.405,6.819,7.661,8.339,9.181,10.595,13.27,14.619,15.298,15.637,15.8,15.865,0,0,0,0,0,0,0,0,0,0,0,0
0.024,0.05,0.128,0.341,0.915,2.452,6.573,8.135,8.787,9.213,9.865,11.427,15.548,17.085,17.659,17.872,17.95,17.976,0,0,0,0,0,0,0,0,0,0,0,0
0.028,0.048,0.103,0.233,0.533,1.222,2.805,3.515,3.87,4.13,4.485,5.195,6.778,7.467,7.767,7.897,7.952,7.972,0,0,0,0,0,0,0,0,0,0,0,0
0.103,0.187,0.423,1.001,2.39,5.714,7.186,8,8.814,10.286,13.61,14.999,15.577,15.813,15.897,0,0,0,0,0,0,0,0,0,0,0,0,0,0,0
0.445,0.575,0.872,1.424,2.391,4.054,5.151,6,6.849,7.946,9.609,10.576,11.128,11.425,11.555,0,0,0,0,0,0,0,0,0,0,0,0,0,0,0
0.831,1,1.37,2.019,3.076,4.756,5.981,7,8.019,9.244,10.924,11.981,12.63,13,13.169,0,0,0,0,0,0,0,0,0,0,0,0,0,0,0
0.532,0.625,0.829,1.18,1.738,2.604,3.928,4.887,5.65,6.35,7.113,8.072,9.396,10.262,10.82,11.171,11.375,11.468,0,0,0,0,0,0,0,0,0,0,0,0
0.001,0.001,0.004,0.011,0.031,0.089,0.253,0.725,2.072,5.928,7.277,7.751,7.922,8,8.078,8.249,8.723,10.072,13.928,15.275,15.747,15.911,15.969,15.989,15.996,15.999,15.999,0,0,0
0.054,0.114,0.3,0.818,2.237,2.814,3.186,3.763,5.182,5.7,5.886,5.946,0,0,0,0,0,0,0,0,0,0,0,0,0,0,0,0,0,0
0.824,1.03,1.494,2.33,3,3.67,4.506,4.97,5.176,0,0,0,0,0,0,0,0,0,0,0,0,0,0,0,0,0,0,0,0,0
0.091,0.127,0.213,0.384,0.707,0.914,1.086,1.293,1.616,1.787,1.873,1.909,0,0,0,0,0,0,0,0,0,0,0,0,0,0,0,0,0,0
2.4,3,3.6,0,0,0,0,0,0,0,0,0,0,0,0,0,0,0,0,0,0,0,0,0,0,0,0,0,0,0
2.063,2.451,3.298,4.765,6,7.235,8.702,9.549,9.937,0,0,0,0,0,0,0,0,0,0,0,0,0,0,0,0,0,0,0,0,0
0.453,0.66,1.167,2.205,4.248,5.493,6.507,7.752,9.795,10.833,11.34,11.547,0,0,0,0,0,0,0,0,0,0,0,0,0,0,0,0,0,0
0.38,0.449,0.6,0.86,1.276,1.925,2.924,4.456,5.524,6.324,7,7.676,8.476,9.544,11.076,12.075,12.724,13.14,13.4,13.551,13.62,0,0,0,0,0,0,0,0,0
0.335,0.563,1.174,2.583,5.751,7.389,8.611,10.249,13.417,14.826,15.437,15.665,0,0,0,0,0,0,0,0,0,0,0,0,0,0,0,0,0,0
0.222,0.287,0.436,0.712,1.195,2.027,2.576,3,3.424,3.973,4.805,5.288,5.564,5.713,5.778,0,0,0,0,0,0,0,0,0,0,0,0,0,0,0
0.182,0.238,0.365,0.602,1.021,1.75,3.007,5.175,6.488,7.343,8,8.657,9.512,10.825,12.993,14.25,14.979,15.398,15.635,15.762,15.818,0,0,0,0,0,0,0,0,0
1.948,2.012,2.14,2.338,2.611,2.872,3.128,3.389,3.662,3.86,3.988,4.052,0,0,0,0,0,0,0,0,0,0,0,0,0,0,0,0,0,0
2.323,2.457,2.732,3.165,3.78,4.612,5.711,6.677,7.567,8.433,9.323,10.289,11.388,12.22,12.835,13.268,13.543,13.677,0,0,0,0,0,0,0,0,0,0,0,0
0.003,0.006,0.015,0.036,0.091,0.228,0.571,1.428,3.575,4.436,4.787,4.945,5.055,5.213,5.564,6.425,8.572,9.429,9.772,9.909,9.964,9.985,9.994,9.997,0,0,0,0,0,0
1.352,1.474,1.729,2.139,2.741,3.59,4.762,5.733,6.59,7.41,8.267,9.238,10.41,11.259,11.861,12.271,12.526,12.648,0,0,0,0,0,0,0,0,0,0,0,0
0.03,0.053,0.118,0.273,0.64,1.502,3.528,4.413,4.845,5.155,5.587,6.472,8.498,9.36,9.727,9.882,9.947,9.97,0,0,0,0,0,0,0,0,0,0,0,0
0.243,0.338,0.564,1.008,1.845,3.398,4.329,5,5.671,6.602,8.155,8.992,9.436,9.662,9.757,0,0,0,0,0,0,0,0,0,0,0,0,0,0,0
0.155,0.184,0.248,0.358,0.536,0.814,1.245,1.91,2.37,2.712,3,3.288,3.63,4.09,4.755,5.186,5.464,5.642,5.752,5.816,5.845,0,0,0,0,0,0,0,0,0
1.163,1.788,3.375,4.625,6.212,6.837,0,0,0,0,0,0,0,0,0,0,0,0,0,0,0,0,0,0,0,0,0,0,0,0
0.623,0.707,0.885,1.183,1.64,2.317,3.306,4.067,4.702,5.298,5.933,6.694,7.683,8.36,8.817,9.115,9.293,9.377,0,0,0,0,0,0,0,0,0,0,0,0
0.373,0.663,1.465,3.401,7.972,10.198,11.802,14.028,18.599,20.535,21.337,21.627,0,0,0,0,0,0,0,0,0,0,0,0,0,0,0,0,0,0
0.014,0.033,0.1,0.312,0.974,3.039,3.721,4,4.279,4.961,7.026,7.688,7.9,7.967,7.986,0,0,0,0,0,0,0,0,0,0,0,0,0,0,0
0.094,0.171,0.386,0.913,2.181,2.785,3.215,3.819,5.087,5.614,5.829,5.906,0,0,0,0,0,0,0,0,0,0,0,0,0,0,0,0,0,0
1.338,1.483,1.791,2.293,3.045,3.693,4.307,4.955,5.707,6.209,6.517,6.662,0,0,0,0,0,0,0,0,0,0,0,0,0,0,0,0,0,0
0.033,0.055,0.114,0.251,0.559,1.248,2.785,3.496,3.863,4.137,4.504,5.215,6.752,7.441,7.749,7.886,7.945,7.967,0,0,0,0,0,0,0,0,0,0,0,0
0.081,0.11,0.179,0.312,0.557,1.003,1.811,3.27,4.107,4.621,5,5.379,5.893,6.73,8.189,8.997,9.443,9.688,9.821,9.89,9.919,0,0,0,0,0,0,0,0,0
0.083,0.123,0.224,0.435,0.858,1.702,3.38,4.265,4.789,5.211,5.735,6.62,8.298,9.142,9.565,9.776,9.877,9.917,0,0,0,0,0,0,0,0,0,0,0,0
0.813,0.864,0.969,1.134,1.371,1.693,2.121,2.493,2.835,3.165,3.507,3.879,4.307,4.629,4.866,5.031,5.136,5.187,0,0,0,0,0,0,0,0,0,0,0,0
0.214,0.375,0.818,1.875,4.34,5.557,6.443,7.66,10.125,11.182,11.625,11.786,0,0,0,0,0,0,0,0,0,0,0,0,0,0,0,0,0,0
0.027,0.089,0.352,1.406,5.622,6.738,7.262,8.378,12.594,13.648,13.911,13.973,0,0,0,0,0,0,0,0,0,0,0,0,0,0,0,0,0,0
0.064,0.148,0.427,1.27,3.793,4.721,5.279,6.207,8.73,9.573,9.852,9.936,0,0,0,0,0,0,0,0,0,0,0,0,0,0,0,0,0,0
0.002,0.01,0.05,0.243,1.188,5.814,6.767,7,7.233,8.186,12.812,13.757,13.95,13.99,13.998,0,0,0,0,0,0,0,0,0,0,0,0,0,0,0
0.029,0.067,0.196,0.586,1.757,5.272,6.482,7,7.518,8.728,12.243,13.414,13.804,13.933,13.971,0,0,0,0,0,0,0,0,0,0,0,0,0,0,0
0.584,0.659,0.82,1.088,1.496,1.839,2.161,2.504,2.912,3.18,3.341,3.416,0,0,0,0,0,0,0,0,0,0,0,0,0,0,0,0,0,0
0.371,0.479,0.727,1.186,1.992,3.379,4.293,5,5.707,6.621,8.008,8.814,9.273,9.521,9.629,0,0,0,0,0,0,0,0,0,0,0,0,0,0,0
0.05,0.074,0.134,0.26,0.514,1.02,2.026,4.024,5.054,5.62,6,6.38,6.946,7.976,9.974,10.98,11.486,11.74,11.866,11.926,11.95,0,0,0,0,0,0,0,0,0
0.57,0.677,0.912,1.317,1.97,2.993,4.578,5.707,6.595,7.405,8.293,9.422,11.007,12.03,12.683,13.088,13.323,13.43,0,0,0,0,0,0,0,0,0,0,0,0
0.156,0.226,0.395,0.741,1.415,1.83,2.17,2.585,3.259,3.605,3.774,3.844,0,0,0,0,0,0,0,0,0,0,0,0,0,0,0,0,0,0
0.044,0.061,0.098,0.171,0.306,0.552,0.995,1.798,3.247,4.065,4.547,4.865,5.135,5.453,5.935,6.753,8.202,9.005,9.448,9.694,9.829,9.902,9.939,9.956,0,0,0,0,0,0
0.001,0.002,0.008,0.026,0.086,0.282,0.931,3.07,3.72,3.922,4,4.078,4.28,4.93,7.069,7.718,7.914,7.974,7.992,7.998,7.999,0,0,0,0,0,0,0,0,0
0.085,0.131,0.247,0.496,1.012,2.073,2.635,3,3.365,3.927,4.988,5.504,5.753,5.869,5.915,0,0,0,0,0,0,0,0,0,0,0,0,0,0,0
0.355,0.587,1.206,2.615,5.74,7.382,8.618,10.26,13.385,14.794,15.413,15.645,0,0,0,0,0,0,0,0,0,0,0,0,0,0,0,0,0,0
0.747,0.848,1.062,1.42,1.968,2.78,3.967,4.88,5.643,6.357,7.12,8.033,9.22,10.032,10.58,10.938,11.152,11.253,0,0,0,0,0,0,0,0,0,0,0,0
0.01,0.02,0.048,0.125,0.323,0.837,2.173,2.697,2.924,3.076,3.303,3.827,5.163,5.677,5.875,5.952,5.98,5.99,0,0,0,0,0,0,0,0,0,0,0,0
1.541,2.036,3.185,5.356,7,8.644,10.815,11.964,12.459,0,0,0,0,0,0,0,0,0,0,0,0,0,0,0,0,0,0,0,0,0
0.395,0.537,0.873,1.522,2,2.478,3.127,3.463,3.605,0,0,0,0,0,0,0,0,0,0,0,0,0,0,0,0,0,0,0,0,0
2.387,3.427,5.96,8.04,10.573,11.613,0,0,0,0,0,0,0,0,0,0,0,0,0,0,0,0,0,0,0,0,0,0,0,0
0.021,0.039,0.088,0.208,0.496,1.186,2.836,3.543,3.88,4.12,4.457,5.164,6.814,7.504,7.792,7.912,7.961,7.979,0,0,0,0,0,0,0,0,0,0,0,0
0.157,0.246,0.472,0.964,1.999,4.158,5.281,6,6.719,7.842,10.001,11.036,11.528,11.754,11.843,0,0,0,0,0,0,0,0,0,0,0,0,0,0,0
0.103,0.157,0.291,0.577,1.162,2.349,4.754,5.995,6.714,7.286,8.005,9.246,11.651,12.838,13.423,13.709,13.843,13.897,0,0,0,0,0,0,0,0,0,0,0,0
0.018,0.027,0.05,0.099,0.2,0.405,0.82,1.659,3.359,4.207,4.645,4.899,5.101,5.355,5.793,6.641,8.341,9.18,9.595,9.8,9.901,9.95,9.973,9.982,0,0,0,0,0,0
